,imageUrl,group,subgroup
0,http://dasi.cnr.it/de/cgi-bin/wsimg.pl?recId=12137&sessId=&size=high,23,0
1,http://dasi.cnr.it/de/cgi-bin/wsimg.pl?recId=12138&sessId=&size=high,23,0
2,http://dasi.cnr.it/de/cgi-bin/wsimg.pl?recId=12139&sessId=&size=high,23,0
3,http://dasi.cnr.it/de/cgi-bin/wsimg.pl?recId=12140&sessId=&size=high,23,0
4,http://dasi.cnr.it/de/cgi-bin/wsimg.pl?recId=12142&sessId=&size=high,23,0
5,http://dasi.cnr.it/de/cgi-bin/wsimg.pl?recId=8585&sessId=&size=high,23,0
6,http://dasi.cnr.it/de/cgi-bin/wsimg.pl?recId=12224&sessId=&size=high,23,0
7,http://dasi.cnr.it/de/cgi-bin/wsimg.pl?recId=12226&sessId=&size=high,23,0
8,http://dasi.cnr.it/de/cgi-bin/wsimg.pl?recId=12244&sessId=&size=high,23,0
9,http://dasi.cnr.it/de/cgi-bin/wsimg.pl?recId=12246&sessId=&size=high,23,0
10,http://dasi.cnr.it/de/cgi-bin/wsimg.pl?recId=12249&sessId=&size=high,23,0
11,http://dasi.cnr.it/de/cgi-bin/wsimg.pl?recId=12245&sessId=&size=high,23,0
12,http://dasi.cnr.it/de/cgi-bin/wsimg.pl?recId=4004&sessId=&size=high,23,0
13,http://dasi.cnr.it/de/cgi-bin/wsimg.pl?recId=12188&sessId=&size=high,23,0
14,http://dasi.cnr.it/de/cgi-bin/wsimg.pl?recId=12143&sessId=&size=high,23,0
15,http://dasi.cnr.it/de/cgi-bin/wsimg.pl?recId=10395&sessId=&size=high,23,0
16,http://dasi.cnr.it/de/cgi-bin/wsimg.pl?recId=10522&sessId=&size=high,23,0
17,http://dasi.cnr.it/de/cgi-bin/wsimg.pl?recId=10530&sessId=&size=high,23,0
18,http://dasi.cnr.it/de/cgi-bin/wsimg.pl?recId=10183&sessId=&size=high,23,0
19,http://dasi.cnr.it/de/cgi-bin/wsimg.pl?recId=10198&sessId=&size=high,23,0
20,http://dasi.cnr.it/de/cgi-bin/wsimg.pl?recId=10307&sessId=&size=high,23,1
21,http://dasi.cnr.it/de/cgi-bin/wsimg.pl?recId=10308&sessId=&size=high,23,1
22,http://dasi.cnr.it/de/cgi-bin/wsimg.pl?recId=10309&sessId=&size=high,23,1
23,http://dasi.cnr.it/de/cgi-bin/wsimg.pl?recId=10310&sessId=&size=high,23,1
24,http://dasi.cnr.it/de/cgi-bin/wsimg.pl?recId=10311&sessId=&size=high,23,1
25,http://dasi.cnr.it/de/cgi-bin/wsimg.pl?recId=10312&sessId=&size=high,23,1
26,http://dasi.cnr.it/de/cgi-bin/wsimg.pl?recId=10313&sessId=&size=high,23,1
27,http://dasi.cnr.it/de/cgi-bin/wsimg.pl?recId=10314&sessId=&size=high,23,1
28,http://dasi.cnr.it/de/cgi-bin/wsimg.pl?recId=10315&sessId=&size=high,23,1
29,http://dasi.cnr.it/de/cgi-bin/wsimg.pl?recId=10184&sessId=&size=high,23,1
30,http://dasi.cnr.it/de/cgi-bin/wsimg.pl?recId=10319&sessId=&size=high,23,1
31,http://dasi.cnr.it/de/cgi-bin/wsimg.pl?recId=10320&sessId=&size=high,23,1
32,http://dasi.cnr.it/de/cgi-bin/wsimg.pl?recId=10326&sessId=&size=high,23,1
33,http://dasi.cnr.it/de/cgi-bin/wsimg.pl?recId=10330&sessId=&size=high,23,1
34,http://dasi.cnr.it/de/cgi-bin/wsimg.pl?recId=10331&sessId=&size=high,23,1
35,http://dasi.cnr.it/de/cgi-bin/wsimg.pl?recId=10362&sessId=&size=high,23,1
36,http://dasi.cnr.it/de/cgi-bin/wsimg.pl?recId=12163&sessId=&size=high,23,1
37,http://dasi.cnr.it/de/cgi-bin/wsimg.pl?recId=10185&sessId=&size=high,23,1
38,http://dasi.cnr.it/de/cgi-bin/wsimg.pl?recId=10186&sessId=&size=high,23,1
39,http://dasi.cnr.it/de/cgi-bin/wsimg.pl?recId=10196&sessId=&size=high,23,1
40,http://dasi.cnr.it/de/cgi-bin/wsimg.pl?recId=10197&sessId=&size=high,23,1
41,http://dasi.cnr.it/de/cgi-bin/wsimg.pl?recId=10199&sessId=&size=high,23,1
42,http://dasi.cnr.it/de/cgi-bin/wsimg.pl?recId=10360&sessId=&size=high,23,1
43,http://dasi.cnr.it/de/cgi-bin/wsimg.pl?recId=10200&sessId=&size=high,23,1
44,http://dasi.cnr.it/de/cgi-bin/wsimg.pl?recId=3625&sessId=&size=high,23,1
45,http://dasi.cnr.it/de/cgi-bin/wsimg.pl?recId=10201&sessId=&size=high,23,1
46,http://dasi.cnr.it/de/cgi-bin/wsimg.pl?recId=10349&sessId=&size=high,23,1
47,http://dasi.cnr.it/de/cgi-bin/wsimg.pl?recId=10351&sessId=&size=high,23,1
48,http://dasi.cnr.it/de/cgi-bin/wsimg.pl?recId=10356&sessId=&size=high,23,2
49,http://dasi.cnr.it/de/cgi-bin/wsimg.pl?recId=10358&sessId=&size=high,23,2
50,http://dasi.cnr.it/de/cgi-bin/wsimg.pl?recId=11683&sessId=&size=high,23,2
51,http://dasi.cnr.it/de/cgi-bin/wsimg.pl?recId=11684&sessId=&size=high,23,2
52,http://dasi.cnr.it/de/cgi-bin/wsimg.pl?recId=11841&sessId=&size=high,23,2
53,http://dasi.cnr.it/de/cgi-bin/wsimg.pl?recId=11685&sessId=&size=high,23,2
54,http://dasi.cnr.it/de/cgi-bin/wsimg.pl?recId=11686&sessId=&size=high,23,2
55,http://dasi.cnr.it/de/cgi-bin/wsimg.pl?recId=11687&sessId=&size=high,23,2
56,http://dasi.cnr.it/de/cgi-bin/wsimg.pl?recId=11688&sessId=&size=high,23,2
57,http://dasi.cnr.it/de/cgi-bin/wsimg.pl?recId=11689&sessId=&size=high,23,2
58,http://dasi.cnr.it/de/cgi-bin/wsimg.pl?recId=11690&sessId=&size=high,23,2
59,http://dasi.cnr.it/de/cgi-bin/wsimg.pl?recId=11691&sessId=&size=high,23,2
60,http://dasi.cnr.it/de/cgi-bin/wsimg.pl?recId=11692&sessId=&size=high,23,2
61,http://dasi.cnr.it/de/cgi-bin/wsimg.pl?recId=11693&sessId=&size=high,23,2
62,http://dasi.cnr.it/de/cgi-bin/wsimg.pl?recId=11694&sessId=&size=high,23,2
63,http://dasi.cnr.it/de/cgi-bin/wsimg.pl?recId=11695&sessId=&size=high,23,2
64,http://dasi.cnr.it/de/cgi-bin/wsimg.pl?recId=11696&sessId=&size=high,23,2
65,http://dasi.cnr.it/de/cgi-bin/wsimg.pl?recId=11736&sessId=&size=high,23,2
66,http://dasi.cnr.it/de/cgi-bin/wsimg.pl?recId=11698&sessId=&size=high,23,2
67,http://dasi.cnr.it/de/cgi-bin/wsimg.pl?recId=11737&sessId=&size=high,23,2
68,http://dasi.cnr.it/de/cgi-bin/wsimg.pl?recId=11741&sessId=&size=high,23,2
69,http://dasi.cnr.it/de/cgi-bin/wsimg.pl?recId=11742&sessId=&size=high,23,2
70,http://dasi.cnr.it/de/cgi-bin/wsimg.pl?recId=11744&sessId=&size=high,23,2
71,http://dasi.cnr.it/de/cgi-bin/wsimg.pl?recId=11746&sessId=&size=high,23,2
72,http://dasi.cnr.it/de/cgi-bin/wsimg.pl?recId=11747&sessId=&size=high,23,2
73,http://dasi.cnr.it/de/cgi-bin/wsimg.pl?recId=11700&sessId=&size=high,23,2
74,http://dasi.cnr.it/de/cgi-bin/wsimg.pl?recId=11702&sessId=&size=high,23,2
75,http://dasi.cnr.it/de/cgi-bin/wsimg.pl?recId=11703&sessId=&size=high,23,2
76,http://dasi.cnr.it/de/cgi-bin/wsimg.pl?recId=11706&sessId=&size=high,23,2
77,http://dasi.cnr.it/de/cgi-bin/wsimg.pl?recId=11707&sessId=&size=high,23,2
78,http://dasi.cnr.it/de/cgi-bin/wsimg.pl?recId=11708&sessId=&size=high,23,3
79,http://dasi.cnr.it/de/cgi-bin/wsimg.pl?recId=11712&sessId=&size=high,23,3
80,http://dasi.cnr.it/de/cgi-bin/wsimg.pl?recId=11714&sessId=&size=high,23,3
81,http://dasi.cnr.it/de/cgi-bin/wsimg.pl?recId=11716&sessId=&size=high,23,3
82,http://dasi.cnr.it/de/cgi-bin/wsimg.pl?recId=11717&sessId=&size=high,23,3
83,http://dasi.cnr.it/de/cgi-bin/wsimg.pl?recId=11718&sessId=&size=high,23,3
84,http://dasi.cnr.it/de/cgi-bin/wsimg.pl?recId=11720&sessId=&size=high,23,3
85,http://dasi.cnr.it/de/cgi-bin/wsimg.pl?recId=11721&sessId=&size=high,23,3
86,http://dasi.cnr.it/de/cgi-bin/wsimg.pl?recId=11722&sessId=&size=high,23,3
87,http://dasi.cnr.it/de/cgi-bin/wsimg.pl?recId=11728&sessId=&size=high,23,3
88,http://dasi.cnr.it/de/cgi-bin/wsimg.pl?recId=11659&sessId=&size=high,23,3
89,http://dasi.cnr.it/de/cgi-bin/wsimg.pl?recId=11730&sessId=&size=high,23,3
90,http://dasi.cnr.it/de/cgi-bin/wsimg.pl?recId=11705&sessId=&size=high,23,3
91,http://dasi.cnr.it/de/cgi-bin/wsimg.pl?recId=11731&sessId=&size=high,23,3
92,http://dasi.cnr.it/de/cgi-bin/wsimg.pl?recId=11732&sessId=&size=high,23,3
93,http://dasi.cnr.it/de/cgi-bin/wsimg.pl?recId=10347&sessId=&size=high,23,3
94,http://dasi.cnr.it/de/cgi-bin/wsimg.pl?recId=10762&sessId=&size=high,23,3
95,http://dasi.cnr.it/de/cgi-bin/wsimg.pl?recId=11415&sessId=&size=high,23,3
96,http://dasi.cnr.it/de/cgi-bin/wsimg.pl?recId=11339&sessId=&size=high,23,3
97,http://dasi.cnr.it/de/cgi-bin/wsimg.pl?recId=11337&sessId=&size=high,23,3
98,http://dasi.cnr.it/de/cgi-bin/wsimg.pl?recId=11412&sessId=&size=high,23,3
99,http://dasi.cnr.it/de/cgi-bin/wsimg.pl?recId=11410&sessId=&size=high,23,3
100,http://dasi.cnr.it/de/cgi-bin/wsimg.pl?recId=11345&sessId=&size=high,23,3
101,http://dasi.cnr.it/de/cgi-bin/wsimg.pl?recId=11342&sessId=&size=high,23,3
102,http://dasi.cnr.it/de/cgi-bin/wsimg.pl?recId=11343&sessId=&size=high,23,3
103,http://dasi.cnr.it/de/cgi-bin/wsimg.pl?recId=11411&sessId=&size=high,23,3
104,http://dasi.cnr.it/de/cgi-bin/wsimg.pl?recId=11413&sessId=&size=high,23,3
105,http://dasi.cnr.it/de/cgi-bin/wsimg.pl?recId=11418&sessId=&size=high,23,3
106,http://dasi.cnr.it/de/cgi-bin/wsimg.pl?recId=11421&sessId=&size=high,23,3
107,http://dasi.cnr.it/de/cgi-bin/wsimg.pl?recId=11429&sessId=&size=high,23,3
108,http://dasi.cnr.it/de/cgi-bin/wsimg.pl?recId=11422&sessId=&size=high,23,4
109,http://dasi.cnr.it/de/cgi-bin/wsimg.pl?recId=11423&sessId=&size=high,23,4
110,http://dasi.cnr.it/de/cgi-bin/wsimg.pl?recId=11419&sessId=&size=high,23,4
111,http://dasi.cnr.it/de/cgi-bin/wsimg.pl?recId=4529&sessId=&size=high,23,4
112,http://dasi.cnr.it/de/cgi-bin/wsimg.pl?recId=705&sessId=&size=high,23,4
113,http://dasi.cnr.it/de/cgi-bin/wsimg.pl?recId=4119&sessId=&size=high,23,4
114,http://dasi.cnr.it/de/cgi-bin/wsimg.pl?recId=11369&sessId=&size=high,23,4
115,http://dasi.cnr.it/de/cgi-bin/wsimg.pl?recId=6342&sessId=&size=high,23,4
116,http://dasi.cnr.it/de/cgi-bin/wsimg.pl?recId=3760&sessId=&size=high,23,4
117,http://dasi.cnr.it/de/cgi-bin/wsimg.pl?recId=222&sessId=&size=high,23,4
118,http://dasi.cnr.it/de/cgi-bin/wsimg.pl?recId=6341&sessId=&size=high,23,4
119,http://dasi.cnr.it/de/cgi-bin/wsimg.pl?recId=11319&sessId=&size=high,23,4
120,http://dasi.cnr.it/de/cgi-bin/wsimg.pl?recId=3699&sessId=&size=high,23,4
121,http://dasi.cnr.it/de/cgi-bin/wsimg.pl?recId=4091&sessId=&size=high,23,4
122,http://dasi.cnr.it/de/cgi-bin/wsimg.pl?recId=4698&sessId=&size=high,23,4
123,http://dasi.cnr.it/de/cgi-bin/wsimg.pl?recId=1626&sessId=&size=high,23,4
124,http://dasi.cnr.it/de/cgi-bin/wsimg.pl?recId=975&sessId=&size=high,23,4
125,http://dasi.cnr.it/de/cgi-bin/wsimg.pl?recId=4825&sessId=&size=high,23,4
126,http://dasi.cnr.it/de/cgi-bin/wsimg.pl?recId=3800&sessId=&size=high,23,4
127,http://dasi.cnr.it/de/cgi-bin/wsimg.pl?recId=3974&sessId=&size=high,23,4
128,http://dasi.cnr.it/de/cgi-bin/wsimg.pl?recId=4877&sessId=&size=high,23,4
129,http://dasi.cnr.it/de/cgi-bin/wsimg.pl?recId=573&sessId=&size=high,23,4
130,http://dasi.cnr.it/de/cgi-bin/wsimg.pl?recId=5334&sessId=&size=high,23,4
131,http://dasi.cnr.it/de/cgi-bin/wsimg.pl?recId=1022&sessId=&size=high,23,4
132,http://dasi.cnr.it/de/cgi-bin/wsimg.pl?recId=3462&sessId=&size=high,23,4
133,http://dasi.cnr.it/de/cgi-bin/wsimg.pl?recId=2727&sessId=&size=high,23,4
134,http://dasi.cnr.it/de/cgi-bin/wsimg.pl?recId=3665&sessId=&size=high,23,4
135,http://dasi.cnr.it/de/cgi-bin/wsimg.pl?recId=3789&sessId=&size=high,23,4
136,http://dasi.cnr.it/de/cgi-bin/wsimg.pl?recId=2370&sessId=&size=high,23,4
137,http://dasi.cnr.it/de/cgi-bin/wsimg.pl?recId=5644&sessId=&size=high,23,5
138,http://dasi.cnr.it/de/cgi-bin/wsimg.pl?recId=5367&sessId=&size=high,23,5
139,http://dasi.cnr.it/de/cgi-bin/wsimg.pl?recId=1867&sessId=&size=high,23,5
140,http://dasi.cnr.it/de/cgi-bin/wsimg.pl?recId=4731&sessId=&size=high,23,5
141,http://dasi.cnr.it/de/cgi-bin/wsimg.pl?recId=5654&sessId=&size=high,23,5
142,http://dasi.cnr.it/de/cgi-bin/wsimg.pl?recId=4072&sessId=&size=high,23,5
143,http://dasi.cnr.it/de/cgi-bin/wsimg.pl?recId=999&sessId=&size=high,23,5
144,http://dasi.cnr.it/de/cgi-bin/wsimg.pl?recId=2034&sessId=&size=high,23,5
145,http://dasi.cnr.it/de/cgi-bin/wsimg.pl?recId=11373&sessId=&size=high,23,5
146,http://dasi.cnr.it/de/cgi-bin/wsimg.pl?recId=4257&sessId=&size=high,23,5
147,http://dasi.cnr.it/de/cgi-bin/wsimg.pl?recId=11396&sessId=&size=high,23,5
148,http://dasi.cnr.it/de/cgi-bin/wsimg.pl?recId=11372&sessId=&size=high,23,5
149,http://dasi.cnr.it/de/cgi-bin/wsimg.pl?recId=327&sessId=&size=high,23,5
150,http://dasi.cnr.it/de/cgi-bin/wsimg.pl?recId=1509&sessId=&size=high,23,5
151,http://dasi.cnr.it/de/cgi-bin/wsimg.pl?recId=1448&sessId=&size=high,23,5
152,http://dasi.cnr.it/de/cgi-bin/wsimg.pl?recId=5287&sessId=&size=high,23,5
153,http://dasi.cnr.it/de/cgi-bin/wsimg.pl?recId=1774&sessId=&size=high,23,5
154,http://dasi.cnr.it/de/cgi-bin/wsimg.pl?recId=3088&sessId=&size=high,23,5
155,http://dasi.cnr.it/de/cgi-bin/wsimg.pl?recId=2193&sessId=&size=high,23,5
156,http://dasi.cnr.it/de/cgi-bin/wsimg.pl?recId=534&sessId=&size=high,23,5
157,http://dasi.cnr.it/de/cgi-bin/wsimg.pl?recId=3057&sessId=&size=high,23,5
158,http://dasi.cnr.it/de/cgi-bin/wsimg.pl?recId=2808&sessId=&size=high,23,5
159,http://dasi.cnr.it/de/cgi-bin/wsimg.pl?recId=33&sessId=&size=high,23,5
160,http://dasi.cnr.it/de/cgi-bin/wsimg.pl?recId=5354&sessId=&size=high,23,5
161,http://dasi.cnr.it/de/cgi-bin/wsimg.pl?recId=2913&sessId=&size=high,23,5
162,http://dasi.cnr.it/de/cgi-bin/wsimg.pl?recId=386&sessId=&size=high,23,5
163,http://dasi.cnr.it/de/cgi-bin/wsimg.pl?recId=411&sessId=&size=high,23,5
164,http://dasi.cnr.it/de/cgi-bin/wsimg.pl?recId=3009&sessId=&size=high,23,5
165,http://dasi.cnr.it/de/cgi-bin/wsimg.pl?recId=1397&sessId=&size=high,23,5
166,http://dasi.cnr.it/de/cgi-bin/wsimg.pl?recId=3413&sessId=&size=high,23,5
167,http://dasi.cnr.it/de/cgi-bin/wsimg.pl?recId=2778&sessId=&size=high,23,6
168,http://dasi.cnr.it/de/cgi-bin/wsimg.pl?recId=1355&sessId=&size=high,23,6
169,http://dasi.cnr.it/de/cgi-bin/wsimg.pl?recId=5249&sessId=&size=high,23,6
170,http://dasi.cnr.it/de/cgi-bin/wsimg.pl?recId=1994&sessId=&size=high,23,6
171,http://dasi.cnr.it/de/cgi-bin/wsimg.pl?recId=507&sessId=&size=high,23,6
172,http://dasi.cnr.it/de/cgi-bin/wsimg.pl?recId=2120&sessId=&size=high,23,6
173,http://dasi.cnr.it/de/cgi-bin/wsimg.pl?recId=3555&sessId=&size=high,23,6
174,http://dasi.cnr.it/de/cgi-bin/wsimg.pl?recId=8864&sessId=&size=high,23,6
175,http://dasi.cnr.it/de/cgi-bin/wsimg.pl?recId=12219&sessId=&size=high,23,6
176,http://dasi.cnr.it/de/cgi-bin/wsimg.pl?recId=10875&sessId=&size=high,23,6
177,http://dasi.cnr.it/de/cgi-bin/wsimg.pl?recId=10859&sessId=&size=high,23,6
178,http://dasi.cnr.it/de/cgi-bin/wsimg.pl?recId=12374&sessId=&size=high,23,6
179,http://dasi.cnr.it/de/cgi-bin/wsimg.pl?recId=12027&sessId=&size=high,23,6
180,http://dasi.cnr.it/de/cgi-bin/wsimg.pl?recId=3275&sessId=&size=high,23,6
181,http://dasi.cnr.it/de/cgi-bin/wsimg.pl?recId=3544&sessId=&size=high,23,6
182,http://dasi.cnr.it/de/cgi-bin/wsimg.pl?recId=3460&sessId=&size=high,23,6
183,http://dasi.cnr.it/de/cgi-bin/wsimg.pl?recId=2200&sessId=&size=high,23,6
184,http://dasi.cnr.it/de/cgi-bin/wsimg.pl?recId=630&sessId=&size=high,23,6
185,http://dasi.cnr.it/de/cgi-bin/wsimg.pl?recId=4052&sessId=&size=high,23,6
186,http://dasi.cnr.it/de/cgi-bin/wsimg.pl?recId=324&sessId=&size=high,23,6
187,http://dasi.cnr.it/de/cgi-bin/wsimg.pl?recId=5047&sessId=&size=high,23,6
188,http://dasi.cnr.it/de/cgi-bin/wsimg.pl?recId=316&sessId=&size=high,23,6
189,http://dasi.cnr.it/de/cgi-bin/wsimg.pl?recId=1006&sessId=&size=high,23,7
190,http://dasi.cnr.it/de/cgi-bin/wsimg.pl?recId=3052&sessId=&size=high,23,7
191,http://dasi.cnr.it/de/cgi-bin/wsimg.pl?recId=3297&sessId=&size=high,23,7
192,http://dasi.cnr.it/de/cgi-bin/wsimg.pl?recId=4867&sessId=&size=high,23,7
193,http://dasi.cnr.it/de/cgi-bin/wsimg.pl?recId=3309&sessId=&size=high,23,7
194,http://dasi.cnr.it/de/cgi-bin/wsimg.pl?recId=725&sessId=&size=high,23,7
195,http://dasi.cnr.it/de/cgi-bin/wsimg.pl?recId=4394&sessId=&size=high,23,7
196,http://dasi.cnr.it/de/cgi-bin/wsimg.pl?recId=870&sessId=&size=high,23,7
197,http://dasi.cnr.it/de/cgi-bin/wsimg.pl?recId=2844&sessId=&size=high,23,7
198,http://dasi.cnr.it/de/cgi-bin/wsimg.pl?recId=4280&sessId=&size=high,23,7
199,http://dasi.cnr.it/de/cgi-bin/wsimg.pl?recId=2796&sessId=&size=high,23,7
200,http://dasi.cnr.it/de/cgi-bin/wsimg.pl?recId=4430&sessId=&size=high,23,7
201,http://dasi.cnr.it/de/cgi-bin/wsimg.pl?recId=4294&sessId=&size=high,23,7
202,http://dasi.cnr.it/de/cgi-bin/wsimg.pl?recId=2715&sessId=&size=high,23,7
203,http://dasi.cnr.it/de/cgi-bin/wsimg.pl?recId=11963&sessId=&size=high,23,7
204,http://dasi.cnr.it/de/cgi-bin/wsimg.pl?recId=11962&sessId=&size=high,23,7
205,http://dasi.cnr.it/de/cgi-bin/wsimg.pl?recId=12133&sessId=&size=high,23,7
206,http://dasi.cnr.it/de/cgi-bin/wsimg.pl?recId=11964&sessId=&size=high,23,7
207,http://dasi.cnr.it/de/cgi-bin/wsimg.pl?recId=11975&sessId=&size=high,23,7
208,http://dasi.cnr.it/de/cgi-bin/wsimg.pl?recId=11976&sessId=&size=high,23,7
209,http://dasi.cnr.it/de/cgi-bin/wsimg.pl?recId=11977&sessId=&size=high,23,7
210,http://dasi.cnr.it/de/cgi-bin/wsimg.pl?recId=11978&sessId=&size=high,23,8
211,http://dasi.cnr.it/de/cgi-bin/wsimg.pl?recId=11978&sessId=&size=high,23,8
212,http://dasi.cnr.it/de/cgi-bin/wsimg.pl?recId=11982&sessId=&size=high,23,8
213,http://dasi.cnr.it/de/cgi-bin/wsimg.pl?recId=11966&sessId=&size=high,23,8
214,http://dasi.cnr.it/de/cgi-bin/wsimg.pl?recId=11967&sessId=&size=high,23,8
215,http://dasi.cnr.it/de/cgi-bin/wsimg.pl?recId=11969&sessId=&size=high,23,8
216,http://dasi.cnr.it/de/cgi-bin/wsimg.pl?recId=11971&sessId=&size=high,23,8
217,http://dasi.cnr.it/de/cgi-bin/wsimg.pl?recId=11972&sessId=&size=high,23,8
218,http://dasi.cnr.it/de/cgi-bin/wsimg.pl?recId=11973&sessId=&size=high,23,8
219,http://dasi.cnr.it/de/cgi-bin/wsimg.pl?recId=11923&sessId=&size=high,23,8
220,http://dasi.cnr.it/de/cgi-bin/wsimg.pl?recId=12050&sessId=&size=high,23,8
221,http://dasi.cnr.it/de/cgi-bin/wsimg.pl?recId=12051&sessId=&size=high,23,8
222,http://dasi.cnr.it/de/cgi-bin/wsimg.pl?recId=12052&sessId=&size=high,23,8
223,http://dasi.cnr.it/de/cgi-bin/wsimg.pl?recId=4820&sessId=&size=high,23,8
224,http://dasi.cnr.it/de/cgi-bin/wsimg.pl?recId=2659&sessId=&size=high,23,8
225,http://dasi.cnr.it/de/cgi-bin/wsimg.pl?recId=4909&sessId=&size=high,23,8
226,http://dasi.cnr.it/de/cgi-bin/wsimg.pl?recId=3862&sessId=&size=high,23,8
227,http://dasi.cnr.it/de/cgi-bin/wsimg.pl?recId=3948&sessId=&size=high,23,8
228,http://dasi.cnr.it/de/cgi-bin/wsimg.pl?recId=3684&sessId=&size=high,23,8
229,http://dasi.cnr.it/de/cgi-bin/wsimg.pl?recId=2653&sessId=&size=high,23,8
230,http://dasi.cnr.it/de/cgi-bin/wsimg.pl?recId=4677&sessId=&size=high,23,8
231,http://dasi.cnr.it/de/cgi-bin/wsimg.pl?recId=4273&sessId=&size=high,23,8
232,http://dasi.cnr.it/de/cgi-bin/wsimg.pl?recId=2113&sessId=&size=high,23,8
233,http://dasi.cnr.it/de/cgi-bin/wsimg.pl?recId=3397&sessId=&size=high,23,8
234,http://dasi.cnr.it/de/cgi-bin/wsimg.pl?recId=2543&sessId=&size=high,23,9
235,http://dasi.cnr.it/de/cgi-bin/wsimg.pl?recId=5176&sessId=&size=high,23,9
236,http://dasi.cnr.it/de/cgi-bin/wsimg.pl?recId=1785&sessId=&size=high,23,9
237,http://dasi.cnr.it/de/cgi-bin/wsimg.pl?recId=2103&sessId=&size=high,23,9
238,http://dasi.cnr.it/de/cgi-bin/wsimg.pl?recId=4643&sessId=&size=high,23,9
239,http://dasi.cnr.it/de/cgi-bin/wsimg.pl?recId=345&sessId=&size=high,23,9
240,http://dasi.cnr.it/de/cgi-bin/wsimg.pl?recId=2360&sessId=&size=high,23,9
241,http://dasi.cnr.it/de/cgi-bin/wsimg.pl?recId=5051&sessId=&size=high,23,9
242,http://dasi.cnr.it/de/cgi-bin/wsimg.pl?recId=160&sessId=&size=high,23,9
243,http://dasi.cnr.it/de/cgi-bin/wsimg.pl?recId=8688&sessId=&size=high,24,0
244,http://dasi.cnr.it/de/cgi-bin/wsimg.pl?recId=1177&sessId=&size=high,24,0
245,http://dasi.cnr.it/de/cgi-bin/wsimg.pl?recId=10348&sessId=&size=high,24,0
246,http://dasi.cnr.it/de/cgi-bin/wsimg.pl?recId=116&sessId=&size=high,24,0
247,http://dasi.cnr.it/de/cgi-bin/wsimg.pl?recId=7723&sessId=&size=high,26,0
248,http://dasi.cnr.it/de/cgi-bin/wsimg.pl?recId=12134&sessId=&size=high,26,0
249,http://dasi.cnr.it/de/cgi-bin/wsimg.pl?recId=11041&sessId=&size=high,26,0
250,http://dasi.cnr.it/de/cgi-bin/wsimg.pl?recId=11042&sessId=&size=high,26,0
251,http://dasi.cnr.it/de/cgi-bin/wsimg.pl?recId=11043&sessId=&size=high,26,0
252,http://dasi.cnr.it/de/cgi-bin/wsimg.pl?recId=11044&sessId=&size=high,26,0
253,http://dasi.cnr.it/de/cgi-bin/wsimg.pl?recId=11045&sessId=&size=high,26,0
254,http://dasi.cnr.it/de/cgi-bin/wsimg.pl?recId=11046&sessId=&size=high,26,0
255,http://dasi.cnr.it/de/cgi-bin/wsimg.pl?recId=11047&sessId=&size=high,26,0
256,http://dasi.cnr.it/de/cgi-bin/wsimg.pl?recId=11048&sessId=&size=high,26,0
257,http://dasi.cnr.it/de/cgi-bin/wsimg.pl?recId=11050&sessId=&size=high,26,0
258,http://dasi.cnr.it/de/cgi-bin/wsimg.pl?recId=11051&sessId=&size=high,26,0
259,http://dasi.cnr.it/de/cgi-bin/wsimg.pl?recId=11053&sessId=&size=high,26,0
260,http://dasi.cnr.it/de/cgi-bin/wsimg.pl?recId=11052&sessId=&size=high,26,0
261,http://dasi.cnr.it/de/cgi-bin/wsimg.pl?recId=11054&sessId=&size=high,26,0
262,http://dasi.cnr.it/de/cgi-bin/wsimg.pl?recId=7790&sessId=&size=high,26,0
263,http://dasi.cnr.it/de/cgi-bin/wsimg.pl?recId=417&sessId=&size=high,26,1
264,http://dasi.cnr.it/de/cgi-bin/wsimg.pl?recId=1414&sessId=&size=high,26,1
265,http://dasi.cnr.it/de/cgi-bin/wsimg.pl?recId=601&sessId=&size=high,26,1
266,http://dasi.cnr.it/de/cgi-bin/wsimg.pl?recId=128&sessId=&size=high,26,1
267,http://dasi.cnr.it/de/cgi-bin/wsimg.pl?recId=4974&sessId=&size=high,26,1
268,http://dasi.cnr.it/de/cgi-bin/wsimg.pl?recId=2341&sessId=&size=high,26,1
269,http://dasi.cnr.it/de/cgi-bin/wsimg.pl?recId=1407&sessId=&size=high,26,1
270,http://dasi.cnr.it/de/cgi-bin/wsimg.pl?recId=1609&sessId=&size=high,26,1
271,http://dasi.cnr.it/de/cgi-bin/wsimg.pl?recId=5031&sessId=&size=high,26,1
272,http://dasi.cnr.it/de/cgi-bin/wsimg.pl?recId=1207&sessId=&size=high,26,1
273,http://dasi.cnr.it/de/cgi-bin/wsimg.pl?recId=5498&sessId=&size=high,26,1
274,http://dasi.cnr.it/de/cgi-bin/wsimg.pl?recId=1158&sessId=&size=high,26,1
275,http://dasi.cnr.it/de/cgi-bin/wsimg.pl?recId=29&sessId=&size=high,26,1
276,http://dasi.cnr.it/de/cgi-bin/wsimg.pl?recId=4804&sessId=&size=high,26,1
277,http://dasi.cnr.it/de/cgi-bin/wsimg.pl?recId=2222&sessId=&size=high,26,1
278,http://dasi.cnr.it/de/cgi-bin/wsimg.pl?recId=286&sessId=&size=high,26,1
279,http://dasi.cnr.it/de/cgi-bin/wsimg.pl?recId=1852&sessId=&size=high,26,1
280,http://dasi.cnr.it/de/cgi-bin/wsimg.pl?recId=4171&sessId=&size=high,26,1
281,http://dasi.cnr.it/de/cgi-bin/wsimg.pl?recId=5395&sessId=&size=high,26,1
282,http://dasi.cnr.it/de/cgi-bin/wsimg.pl?recId=4705&sessId=&size=high,26,1
283,http://dasi.cnr.it/de/cgi-bin/wsimg.pl?recId=3059&sessId=&size=high,26,1
284,http://dasi.cnr.it/de/cgi-bin/wsimg.pl?recId=2988&sessId=&size=high,26,1
285,http://dasi.cnr.it/de/cgi-bin/wsimg.pl?recId=1830&sessId=&size=high,26,1
286,http://dasi.cnr.it/de/cgi-bin/wsimg.pl?recId=4007&sessId=&size=high,26,1
287,http://dasi.cnr.it/de/cgi-bin/wsimg.pl?recId=1892&sessId=&size=high,26,1
288,http://dasi.cnr.it/de/cgi-bin/wsimg.pl?recId=1496&sessId=&size=high,26,1
289,http://dasi.cnr.it/de/cgi-bin/wsimg.pl?recId=166&sessId=&size=high,26,2
290,http://dasi.cnr.it/de/cgi-bin/wsimg.pl?recId=3340&sessId=&size=high,26,2
291,http://dasi.cnr.it/de/cgi-bin/wsimg.pl?recId=4407&sessId=&size=high,26,2
292,http://dasi.cnr.it/de/cgi-bin/wsimg.pl?recId=2518&sessId=&size=high,26,2
293,http://dasi.cnr.it/de/cgi-bin/wsimg.pl?recId=3602&sessId=&size=high,26,2
294,http://dasi.cnr.it/de/cgi-bin/wsimg.pl?recId=3246&sessId=&size=high,26,2
295,http://dasi.cnr.it/de/cgi-bin/wsimg.pl?recId=5447&sessId=&size=high,26,2
296,http://dasi.cnr.it/de/cgi-bin/wsimg.pl?recId=4239&sessId=&size=high,26,2
297,http://dasi.cnr.it/de/cgi-bin/wsimg.pl?recId=2364&sessId=&size=high,26,2
298,http://dasi.cnr.it/de/cgi-bin/wsimg.pl?recId=3559&sessId=&size=high,26,2
299,http://dasi.cnr.it/de/cgi-bin/wsimg.pl?recId=747&sessId=&size=high,26,2
300,http://dasi.cnr.it/de/cgi-bin/wsimg.pl?recId=4240&sessId=&size=high,26,2
301,http://dasi.cnr.it/de/cgi-bin/wsimg.pl?recId=1956&sessId=&size=high,26,2
302,http://dasi.cnr.it/de/cgi-bin/wsimg.pl?recId=2589&sessId=&size=high,26,2
303,http://dasi.cnr.it/de/cgi-bin/wsimg.pl?recId=634&sessId=&size=high,26,2
304,http://dasi.cnr.it/de/cgi-bin/wsimg.pl?recId=3692&sessId=&size=high,26,2
305,http://dasi.cnr.it/de/cgi-bin/wsimg.pl?recId=3308&sessId=&size=high,26,2
306,http://dasi.cnr.it/de/cgi-bin/wsimg.pl?recId=5124&sessId=&size=high,26,2
307,http://dasi.cnr.it/de/cgi-bin/wsimg.pl?recId=5138&sessId=&size=high,26,2
308,http://dasi.cnr.it/de/cgi-bin/wsimg.pl?recId=2772&sessId=&size=high,26,2
309,http://dasi.cnr.it/de/cgi-bin/wsimg.pl?recId=2461&sessId=&size=high,26,2
310,http://dasi.cnr.it/de/cgi-bin/wsimg.pl?recId=3983&sessId=&size=high,26,2
311,http://dasi.cnr.it/de/cgi-bin/wsimg.pl?recId=4315&sessId=&size=high,26,2
312,http://dasi.cnr.it/de/cgi-bin/wsimg.pl?recId=210&sessId=&size=high,26,2
313,http://dasi.cnr.it/de/cgi-bin/wsimg.pl?recId=438&sessId=&size=high,26,2
314,http://dasi.cnr.it/de/cgi-bin/wsimg.pl?recId=1216&sessId=&size=high,26,2
315,http://dasi.cnr.it/de/cgi-bin/wsimg.pl?recId=585&sessId=&size=high,26,2
316,http://dasi.cnr.it/de/cgi-bin/wsimg.pl?recId=111&sessId=&size=high,26,3
317,http://dasi.cnr.it/de/cgi-bin/wsimg.pl?recId=4250&sessId=&size=high,26,3
318,http://dasi.cnr.it/de/cgi-bin/wsimg.pl?recId=1113&sessId=&size=high,26,3
319,http://dasi.cnr.it/de/cgi-bin/wsimg.pl?recId=1683&sessId=&size=high,26,3
320,http://dasi.cnr.it/de/cgi-bin/wsimg.pl?recId=4193&sessId=&size=high,26,3
321,http://dasi.cnr.it/de/cgi-bin/wsimg.pl?recId=3149&sessId=&size=high,26,3
322,http://dasi.cnr.it/de/cgi-bin/wsimg.pl?recId=592&sessId=&size=high,26,3
323,http://dasi.cnr.it/de/cgi-bin/wsimg.pl?recId=1062&sessId=&size=high,26,3
324,http://dasi.cnr.it/de/cgi-bin/wsimg.pl?recId=616&sessId=&size=high,26,3
325,http://dasi.cnr.it/de/cgi-bin/wsimg.pl?recId=4453&sessId=&size=high,26,3
326,http://dasi.cnr.it/de/cgi-bin/wsimg.pl?recId=2126&sessId=&size=high,26,3
327,http://dasi.cnr.it/de/cgi-bin/wsimg.pl?recId=1539&sessId=&size=high,26,3
328,http://dasi.cnr.it/de/cgi-bin/wsimg.pl?recId=1079&sessId=&size=high,26,3
329,http://dasi.cnr.it/de/cgi-bin/wsimg.pl?recId=3629&sessId=&size=high,26,3
330,http://dasi.cnr.it/de/cgi-bin/wsimg.pl?recId=1510&sessId=&size=high,26,3
331,http://dasi.cnr.it/de/cgi-bin/wsimg.pl?recId=840&sessId=&size=high,26,3
332,http://dasi.cnr.it/de/cgi-bin/wsimg.pl?recId=506&sessId=&size=high,26,3
333,http://dasi.cnr.it/de/cgi-bin/wsimg.pl?recId=3917&sessId=&size=high,26,3
334,http://dasi.cnr.it/de/cgi-bin/wsimg.pl?recId=74&sessId=&size=high,26,3
335,http://dasi.cnr.it/de/cgi-bin/wsimg.pl?recId=5614&sessId=&size=high,26,3
336,http://dasi.cnr.it/de/cgi-bin/wsimg.pl?recId=2639&sessId=&size=high,26,3
337,http://dasi.cnr.it/de/cgi-bin/wsimg.pl?recId=5011&sessId=&size=high,26,3
338,http://dasi.cnr.it/de/cgi-bin/wsimg.pl?recId=1590&sessId=&size=high,26,3
339,http://dasi.cnr.it/de/cgi-bin/wsimg.pl?recId=5025&sessId=&size=high,26,3
340,http://dasi.cnr.it/de/cgi-bin/wsimg.pl?recId=2508&sessId=&size=high,26,3
341,http://dasi.cnr.it/de/cgi-bin/wsimg.pl?recId=4253&sessId=&size=high,26,3
342,http://dasi.cnr.it/de/cgi-bin/wsimg.pl?recId=3678&sessId=&size=high,26,3
343,http://dasi.cnr.it/de/cgi-bin/wsimg.pl?recId=2706&sessId=&size=high,26,3
344,http://dasi.cnr.it/de/cgi-bin/wsimg.pl?recId=4292&sessId=&size=high,26,3
345,http://dasi.cnr.it/de/cgi-bin/wsimg.pl?recId=1232&sessId=&size=high,26,4
346,http://dasi.cnr.it/de/cgi-bin/wsimg.pl?recId=4719&sessId=&size=high,26,4
347,http://dasi.cnr.it/de/cgi-bin/wsimg.pl?recId=3646&sessId=&size=high,26,4
348,http://dasi.cnr.it/de/cgi-bin/wsimg.pl?recId=869&sessId=&size=high,26,4
349,http://dasi.cnr.it/de/cgi-bin/wsimg.pl?recId=4022&sessId=&size=high,26,4
350,http://dasi.cnr.it/de/cgi-bin/wsimg.pl?recId=1850&sessId=&size=high,26,4
351,http://dasi.cnr.it/de/cgi-bin/wsimg.pl?recId=4339&sessId=&size=high,26,4
352,http://dasi.cnr.it/de/cgi-bin/wsimg.pl?recId=2624&sessId=&size=high,26,4
353,http://dasi.cnr.it/de/cgi-bin/wsimg.pl?recId=2605&sessId=&size=high,26,4
354,http://dasi.cnr.it/de/cgi-bin/wsimg.pl?recId=991&sessId=&size=high,26,4
355,http://dasi.cnr.it/de/cgi-bin/wsimg.pl?recId=872&sessId=&size=high,26,4
356,http://dasi.cnr.it/de/cgi-bin/wsimg.pl?recId=3298&sessId=&size=high,26,4
357,http://dasi.cnr.it/de/cgi-bin/wsimg.pl?recId=2900&sessId=&size=high,26,4
358,http://dasi.cnr.it/de/cgi-bin/wsimg.pl?recId=4683&sessId=&size=high,26,4
359,http://dasi.cnr.it/de/cgi-bin/wsimg.pl?recId=3387&sessId=&size=high,26,4
360,http://dasi.cnr.it/de/cgi-bin/wsimg.pl?recId=4392&sessId=&size=high,26,4
361,http://dasi.cnr.it/de/cgi-bin/wsimg.pl?recId=1102&sessId=&size=high,26,4
362,http://dasi.cnr.it/de/cgi-bin/wsimg.pl?recId=214&sessId=&size=high,26,4
363,http://dasi.cnr.it/de/cgi-bin/wsimg.pl?recId=5377&sessId=&size=high,26,4
364,http://dasi.cnr.it/de/cgi-bin/wsimg.pl?recId=742&sessId=&size=high,26,4
365,http://dasi.cnr.it/de/cgi-bin/wsimg.pl?recId=560&sessId=&size=high,26,4
366,http://dasi.cnr.it/de/cgi-bin/wsimg.pl?recId=885&sessId=&size=high,26,4
367,http://dasi.cnr.it/de/cgi-bin/wsimg.pl?recId=885&sessId=&size=high,26,4
368,http://dasi.cnr.it/de/cgi-bin/wsimg.pl?recId=1171&sessId=&size=high,26,4
369,http://dasi.cnr.it/de/cgi-bin/wsimg.pl?recId=2967&sessId=&size=high,26,4
370,http://dasi.cnr.it/de/cgi-bin/wsimg.pl?recId=1309&sessId=&size=high,26,4
371,http://dasi.cnr.it/de/cgi-bin/wsimg.pl?recId=3341&sessId=&size=high,26,4
372,http://dasi.cnr.it/de/cgi-bin/wsimg.pl?recId=2327&sessId=&size=high,26,5
373,http://dasi.cnr.it/de/cgi-bin/wsimg.pl?recId=2983&sessId=&size=high,26,5
374,http://dasi.cnr.it/de/cgi-bin/wsimg.pl?recId=4001&sessId=&size=high,26,5
375,http://dasi.cnr.it/de/cgi-bin/wsimg.pl?recId=182&sessId=&size=high,26,5
376,http://dasi.cnr.it/de/cgi-bin/wsimg.pl?recId=4993&sessId=&size=high,26,5
377,http://dasi.cnr.it/de/cgi-bin/wsimg.pl?recId=3415&sessId=&size=high,26,5
378,http://dasi.cnr.it/de/cgi-bin/wsimg.pl?recId=2856&sessId=&size=high,26,5
379,http://dasi.cnr.it/de/cgi-bin/wsimg.pl?recId=3380&sessId=&size=high,26,5
380,http://dasi.cnr.it/de/cgi-bin/wsimg.pl?recId=4845&sessId=&size=high,26,5
381,http://dasi.cnr.it/de/cgi-bin/wsimg.pl?recId=6573&sessId=&size=high,26,5
382,http://dasi.cnr.it/de/cgi-bin/wsimg.pl?recId=4033&sessId=&size=high,26,5
383,http://dasi.cnr.it/de/cgi-bin/wsimg.pl?recId=2192&sessId=&size=high,26,5
384,http://dasi.cnr.it/de/cgi-bin/wsimg.pl?recId=5543&sessId=&size=high,26,5
385,http://dasi.cnr.it/de/cgi-bin/wsimg.pl?recId=18&sessId=&size=high,26,5
386,http://dasi.cnr.it/de/cgi-bin/wsimg.pl?recId=1138&sessId=&size=high,26,5
387,http://dasi.cnr.it/de/cgi-bin/wsimg.pl?recId=2357&sessId=&size=high,26,5
388,http://dasi.cnr.it/de/cgi-bin/wsimg.pl?recId=753&sessId=&size=high,26,5
389,http://dasi.cnr.it/de/cgi-bin/wsimg.pl?recId=883&sessId=&size=high,26,5
390,http://dasi.cnr.it/de/cgi-bin/wsimg.pl?recId=4229&sessId=&size=high,26,5
391,http://dasi.cnr.it/de/cgi-bin/wsimg.pl?recId=3714&sessId=&size=high,26,5
392,http://dasi.cnr.it/de/cgi-bin/wsimg.pl?recId=4826&sessId=&size=high,26,5
393,http://dasi.cnr.it/de/cgi-bin/wsimg.pl?recId=3465&sessId=&size=high,26,5
394,http://dasi.cnr.it/de/cgi-bin/wsimg.pl?recId=3972&sessId=&size=high,26,5
395,http://dasi.cnr.it/de/cgi-bin/wsimg.pl?recId=2196&sessId=&size=high,26,5
396,http://dasi.cnr.it/de/cgi-bin/wsimg.pl?recId=5040&sessId=&size=high,26,5
397,http://dasi.cnr.it/de/cgi-bin/wsimg.pl?recId=1190&sessId=&size=high,26,5
398,http://dasi.cnr.it/de/cgi-bin/wsimg.pl?recId=902&sessId=&size=high,26,5
399,http://dasi.cnr.it/de/cgi-bin/wsimg.pl?recId=5264&sessId=&size=high,26,6
400,http://dasi.cnr.it/de/cgi-bin/wsimg.pl?recId=2834&sessId=&size=high,26,6
401,http://dasi.cnr.it/de/cgi-bin/wsimg.pl?recId=2534&sessId=&size=high,26,6
402,http://dasi.cnr.it/de/cgi-bin/wsimg.pl?recId=2230&sessId=&size=high,26,6
403,http://dasi.cnr.it/de/cgi-bin/wsimg.pl?recId=5633&sessId=&size=high,26,6
404,http://dasi.cnr.it/de/cgi-bin/wsimg.pl?recId=5457&sessId=&size=high,26,6
405,http://dasi.cnr.it/de/cgi-bin/wsimg.pl?recId=3586&sessId=&size=high,26,6
406,http://dasi.cnr.it/de/cgi-bin/wsimg.pl?recId=4694&sessId=&size=high,26,6
407,http://dasi.cnr.it/de/cgi-bin/wsimg.pl?recId=2947&sessId=&size=high,26,6
408,http://dasi.cnr.it/de/cgi-bin/wsimg.pl?recId=3159&sessId=&size=high,26,6
409,http://dasi.cnr.it/de/cgi-bin/wsimg.pl?recId=4300&sessId=&size=high,26,6
410,http://dasi.cnr.it/de/cgi-bin/wsimg.pl?recId=188&sessId=&size=high,26,6
411,http://dasi.cnr.it/de/cgi-bin/wsimg.pl?recId=4539&sessId=&size=high,26,6
412,http://dasi.cnr.it/de/cgi-bin/wsimg.pl?recId=2551&sessId=&size=high,26,6
413,http://dasi.cnr.it/de/cgi-bin/wsimg.pl?recId=12182&sessId=&size=high,26,6
414,http://dasi.cnr.it/de/cgi-bin/wsimg.pl?recId=2843&sessId=&size=high,26,6
415,http://dasi.cnr.it/de/cgi-bin/wsimg.pl?recId=4127&sessId=&size=high,26,6
416,http://dasi.cnr.it/de/cgi-bin/wsimg.pl?recId=3761&sessId=&size=high,26,6
417,http://dasi.cnr.it/de/cgi-bin/wsimg.pl?recId=260&sessId=&size=high,26,6
418,http://dasi.cnr.it/de/cgi-bin/wsimg.pl?recId=1428&sessId=&size=high,26,6
419,http://dasi.cnr.it/de/cgi-bin/wsimg.pl?recId=3621&sessId=&size=high,26,6
420,http://dasi.cnr.it/de/cgi-bin/wsimg.pl?recId=1644&sessId=&size=high,26,7
421,http://dasi.cnr.it/de/cgi-bin/wsimg.pl?recId=3043&sessId=&size=high,26,7
422,http://dasi.cnr.it/de/cgi-bin/wsimg.pl?recId=3470&sessId=&size=high,27,0
423,http://dasi.cnr.it/de/cgi-bin/wsimg.pl?recId=5115&sessId=&size=high,27,0
424,http://dasi.cnr.it/de/cgi-bin/wsimg.pl?recId=4920&sessId=&size=high,27,0
425,http://dasi.cnr.it/de/cgi-bin/wsimg.pl?recId=313&sessId=&size=high,27,0
426,http://dasi.cnr.it/de/cgi-bin/wsimg.pl?recId=5668&sessId=&size=high,27,0
427,http://dasi.cnr.it/de/cgi-bin/wsimg.pl?recId=5561&sessId=&size=high,27,0
428,http://dasi.cnr.it/de/cgi-bin/wsimg.pl?recId=5252&sessId=&size=high,27,0
429,http://dasi.cnr.it/de/cgi-bin/wsimg.pl?recId=2028&sessId=&size=high,27,0
430,http://dasi.cnr.it/de/cgi-bin/wsimg.pl?recId=1717&sessId=&size=high,27,0
431,http://dasi.cnr.it/de/cgi-bin/wsimg.pl?recId=3411&sessId=&size=high,27,0
432,http://dasi.cnr.it/de/cgi-bin/wsimg.pl?recId=5266&sessId=&size=high,27,0
433,http://dasi.cnr.it/de/cgi-bin/wsimg.pl?recId=3118&sessId=&size=high,27,0
434,http://dasi.cnr.it/de/cgi-bin/wsimg.pl?recId=5558&sessId=&size=high,27,0
435,http://dasi.cnr.it/de/cgi-bin/wsimg.pl?recId=2511&sessId=&size=high,27,0
436,http://dasi.cnr.it/de/cgi-bin/wsimg.pl?recId=3253&sessId=&size=high,27,0
437,http://dasi.cnr.it/de/cgi-bin/wsimg.pl?recId=389&sessId=&size=high,27,0
438,http://dasi.cnr.it/de/cgi-bin/wsimg.pl?recId=757&sessId=&size=high,27,0
439,http://dasi.cnr.it/de/cgi-bin/wsimg.pl?recId=2849&sessId=&size=high,27,0
440,http://dasi.cnr.it/de/cgi-bin/wsimg.pl?recId=2652&sessId=&size=high,27,0
441,http://dasi.cnr.it/de/cgi-bin/wsimg.pl?recId=2020&sessId=&size=high,27,0
442,http://dasi.cnr.it/de/cgi-bin/wsimg.pl?recId=4213&sessId=&size=high,27,0
443,http://dasi.cnr.it/de/cgi-bin/wsimg.pl?recId=5180&sessId=&size=high,27,0
444,http://dasi.cnr.it/de/cgi-bin/wsimg.pl?recId=4080&sessId=&size=high,27,0
445,http://dasi.cnr.it/de/cgi-bin/wsimg.pl?recId=2462&sessId=&size=high,27,0
446,http://dasi.cnr.it/de/cgi-bin/wsimg.pl?recId=4445&sessId=&size=high,27,0
447,http://dasi.cnr.it/de/cgi-bin/wsimg.pl?recId=3702&sessId=&size=high,27,0
448,http://dasi.cnr.it/de/cgi-bin/wsimg.pl?recId=837&sessId=&size=high,27,0
449,http://dasi.cnr.it/de/cgi-bin/wsimg.pl?recId=2291&sessId=&size=high,27,0
450,http://dasi.cnr.it/de/cgi-bin/wsimg.pl?recId=3701&sessId=&size=high,27,0
451,http://dasi.cnr.it/de/cgi-bin/wsimg.pl?recId=2431&sessId=&size=high,27,0
452,http://dasi.cnr.it/de/cgi-bin/wsimg.pl?recId=2361&sessId=&size=high,27,1
453,http://dasi.cnr.it/de/cgi-bin/wsimg.pl?recId=1738&sessId=&size=high,27,1
454,http://dasi.cnr.it/de/cgi-bin/wsimg.pl?recId=5669&sessId=&size=high,27,1
455,http://dasi.cnr.it/de/cgi-bin/wsimg.pl?recId=4658&sessId=&size=high,27,1
456,http://dasi.cnr.it/de/cgi-bin/wsimg.pl?recId=2252&sessId=&size=high,27,1
457,http://dasi.cnr.it/de/cgi-bin/wsimg.pl?recId=3090&sessId=&size=high,27,1
458,http://dasi.cnr.it/de/cgi-bin/wsimg.pl?recId=1004&sessId=&size=high,27,1
459,http://dasi.cnr.it/de/cgi-bin/wsimg.pl?recId=2667&sessId=&size=high,27,1
460,http://dasi.cnr.it/de/cgi-bin/wsimg.pl?recId=2930&sessId=&size=high,27,1
461,http://dasi.cnr.it/de/cgi-bin/wsimg.pl?recId=4778&sessId=&size=high,27,1
462,http://dasi.cnr.it/de/cgi-bin/wsimg.pl?recId=295&sessId=&size=high,27,1
463,http://dasi.cnr.it/de/cgi-bin/wsimg.pl?recId=3986&sessId=&size=high,27,1
464,http://dasi.cnr.it/de/cgi-bin/wsimg.pl?recId=8&sessId=&size=high,27,1
465,http://dasi.cnr.it/de/cgi-bin/wsimg.pl?recId=1903&sessId=&size=high,27,1
466,http://dasi.cnr.it/de/cgi-bin/wsimg.pl?recId=1199&sessId=&size=high,27,1
467,http://dasi.cnr.it/de/cgi-bin/wsimg.pl?recId=5238&sessId=&size=high,27,1
468,http://dasi.cnr.it/de/cgi-bin/wsimg.pl?recId=1135&sessId=&size=high,27,1
469,http://dasi.cnr.it/de/cgi-bin/wsimg.pl?recId=1125&sessId=&size=high,27,1
470,http://dasi.cnr.it/de/cgi-bin/wsimg.pl?recId=3067&sessId=&size=high,27,1
471,http://dasi.cnr.it/de/cgi-bin/wsimg.pl?recId=1838&sessId=&size=high,27,1
472,http://dasi.cnr.it/de/cgi-bin/wsimg.pl?recId=2436&sessId=&size=high,27,1
473,http://dasi.cnr.it/de/cgi-bin/wsimg.pl?recId=303&sessId=&size=high,27,1
474,http://dasi.cnr.it/de/cgi-bin/wsimg.pl?recId=410&sessId=&size=high,27,1
475,http://dasi.cnr.it/de/cgi-bin/wsimg.pl?recId=3853&sessId=&size=high,27,1
476,http://dasi.cnr.it/de/cgi-bin/wsimg.pl?recId=5628&sessId=&size=high,27,1
477,http://dasi.cnr.it/de/cgi-bin/wsimg.pl?recId=1993&sessId=&size=high,27,1
478,http://dasi.cnr.it/de/cgi-bin/wsimg.pl?recId=3078&sessId=&size=high,27,1
479,http://dasi.cnr.it/de/cgi-bin/wsimg.pl?recId=3870&sessId=&size=high,27,1
480,http://dasi.cnr.it/de/cgi-bin/wsimg.pl?recId=4222&sessId=&size=high,27,1
481,http://dasi.cnr.it/de/cgi-bin/wsimg.pl?recId=4911&sessId=&size=high,27,1
482,http://dasi.cnr.it/de/cgi-bin/wsimg.pl?recId=4206&sessId=&size=high,27,2
483,http://dasi.cnr.it/de/cgi-bin/wsimg.pl?recId=4248&sessId=&size=high,27,2
484,http://dasi.cnr.it/de/cgi-bin/wsimg.pl?recId=1940&sessId=&size=high,27,2
485,http://dasi.cnr.it/de/cgi-bin/wsimg.pl?recId=2325&sessId=&size=high,27,2
486,http://dasi.cnr.it/de/cgi-bin/wsimg.pl?recId=3259&sessId=&size=high,27,2
487,http://dasi.cnr.it/de/cgi-bin/wsimg.pl?recId=2873&sessId=&size=high,27,2
488,http://dasi.cnr.it/de/cgi-bin/wsimg.pl?recId=4234&sessId=&size=high,27,2
489,http://dasi.cnr.it/de/cgi-bin/wsimg.pl?recId=1628&sessId=&size=high,27,2
490,http://dasi.cnr.it/de/cgi-bin/wsimg.pl?recId=5105&sessId=&size=high,27,2
491,http://dasi.cnr.it/de/cgi-bin/wsimg.pl?recId=2250&sessId=&size=high,27,2
492,http://dasi.cnr.it/de/cgi-bin/wsimg.pl?recId=1045&sessId=&size=high,27,2
493,http://dasi.cnr.it/de/cgi-bin/wsimg.pl?recId=4690&sessId=&size=high,27,2
494,http://dasi.cnr.it/de/cgi-bin/wsimg.pl?recId=9763&sessId=&size=high,27,2
495,http://dasi.cnr.it/de/cgi-bin/wsimg.pl?recId=10588&sessId=&size=high,27,2
496,http://dasi.cnr.it/de/cgi-bin/wsimg.pl?recId=10587&sessId=&size=high,27,2
497,http://dasi.cnr.it/de/cgi-bin/wsimg.pl?recId=1972&sessId=&size=high,27,2
498,http://dasi.cnr.it/de/cgi-bin/wsimg.pl?recId=6478&sessId=&size=high,27,2
499,http://dasi.cnr.it/de/cgi-bin/wsimg.pl?recId=6479&sessId=&size=high,27,2
500,http://dasi.cnr.it/de/cgi-bin/wsimg.pl?recId=2951&sessId=&size=high,27,2
501,http://dasi.cnr.it/de/cgi-bin/wsimg.pl?recId=6233&sessId=&size=high,27,2
502,http://dasi.cnr.it/de/cgi-bin/wsimg.pl?recId=6481&sessId=&size=high,27,2
503,http://dasi.cnr.it/de/cgi-bin/wsimg.pl?recId=4809&sessId=&size=high,27,2
504,http://dasi.cnr.it/de/cgi-bin/wsimg.pl?recId=1280&sessId=&size=high,27,2
505,http://dasi.cnr.it/de/cgi-bin/wsimg.pl?recId=1561&sessId=&size=high,27,2
506,http://dasi.cnr.it/de/cgi-bin/wsimg.pl?recId=4381&sessId=&size=high,27,2
507,http://dasi.cnr.it/de/cgi-bin/wsimg.pl?recId=443&sessId=&size=high,27,2
508,http://dasi.cnr.it/de/cgi-bin/wsimg.pl?recId=1382&sessId=&size=high,27,2
509,http://dasi.cnr.it/de/cgi-bin/wsimg.pl?recId=2229&sessId=&size=high,27,2
510,http://dasi.cnr.it/de/cgi-bin/wsimg.pl?recId=4255&sessId=&size=high,27,2
511,http://dasi.cnr.it/de/cgi-bin/wsimg.pl?recId=1996&sessId=&size=high,27,2
512,http://dasi.cnr.it/de/cgi-bin/wsimg.pl?recId=6430&sessId=&size=high,27,3
513,http://dasi.cnr.it/de/cgi-bin/wsimg.pl?recId=4454&sessId=&size=high,27,3
514,http://dasi.cnr.it/de/cgi-bin/wsimg.pl?recId=4233&sessId=&size=high,27,3
515,http://dasi.cnr.it/de/cgi-bin/wsimg.pl?recId=3098&sessId=&size=high,27,3
516,http://dasi.cnr.it/de/cgi-bin/wsimg.pl?recId=2489&sessId=&size=high,27,3
517,http://dasi.cnr.it/de/cgi-bin/wsimg.pl?recId=1734&sessId=&size=high,27,3
518,http://dasi.cnr.it/de/cgi-bin/wsimg.pl?recId=2232&sessId=&size=high,27,3
519,http://dasi.cnr.it/de/cgi-bin/wsimg.pl?recId=1923&sessId=&size=high,27,3
520,http://dasi.cnr.it/de/cgi-bin/wsimg.pl?recId=4829&sessId=&size=high,27,3
521,http://dasi.cnr.it/de/cgi-bin/wsimg.pl?recId=3715&sessId=&size=high,27,3
522,http://dasi.cnr.it/de/cgi-bin/wsimg.pl?recId=1534&sessId=&size=high,27,3
523,http://dasi.cnr.it/de/cgi-bin/wsimg.pl?recId=3573&sessId=&size=high,27,3
524,http://dasi.cnr.it/de/cgi-bin/wsimg.pl?recId=3940&sessId=&size=high,27,3
525,http://dasi.cnr.it/de/cgi-bin/wsimg.pl?recId=4513&sessId=&size=high,27,3
526,http://dasi.cnr.it/de/cgi-bin/wsimg.pl?recId=2525&sessId=&size=high,27,3
527,http://dasi.cnr.it/de/cgi-bin/wsimg.pl?recId=5437&sessId=&size=high,27,3
528,http://dasi.cnr.it/de/cgi-bin/wsimg.pl?recId=1409&sessId=&size=high,27,3
529,http://dasi.cnr.it/de/cgi-bin/wsimg.pl?recId=738&sessId=&size=high,27,3
530,http://dasi.cnr.it/de/cgi-bin/wsimg.pl?recId=839&sessId=&size=high,27,3
531,http://dasi.cnr.it/de/cgi-bin/wsimg.pl?recId=1968&sessId=&size=high,27,3
532,http://dasi.cnr.it/de/cgi-bin/wsimg.pl?recId=609&sessId=&size=high,27,3
533,http://dasi.cnr.it/de/cgi-bin/wsimg.pl?recId=958&sessId=&size=high,27,3
534,http://dasi.cnr.it/de/cgi-bin/wsimg.pl?recId=292&sessId=&size=high,27,3
535,http://dasi.cnr.it/de/cgi-bin/wsimg.pl?recId=1484&sessId=&size=high,27,3
536,http://dasi.cnr.it/de/cgi-bin/wsimg.pl?recId=3647&sessId=&size=high,27,3
537,http://dasi.cnr.it/de/cgi-bin/wsimg.pl?recId=5004&sessId=&size=high,27,3
538,http://dasi.cnr.it/de/cgi-bin/wsimg.pl?recId=9781&sessId=&size=high,27,3
539,http://dasi.cnr.it/de/cgi-bin/wsimg.pl?recId=12288&sessId=&size=high,28,0
540,http://dasi.cnr.it/de/cgi-bin/wsimg.pl?recId=1926&sessId=&size=high,28,0
541,http://dasi.cnr.it/de/cgi-bin/wsimg.pl?recId=3753&sessId=&size=high,28,0
542,http://dasi.cnr.it/de/cgi-bin/wsimg.pl?recId=3104&sessId=&size=high,28,0
543,http://dasi.cnr.it/de/cgi-bin/wsimg.pl?recId=3551&sessId=&size=high,28,0
544,http://dasi.cnr.it/de/cgi-bin/wsimg.pl?recId=804&sessId=&size=high,28,0
545,http://dasi.cnr.it/de/cgi-bin/wsimg.pl?recId=3154&sessId=&size=high,28,0
546,http://dasi.cnr.it/de/cgi-bin/wsimg.pl?recId=1340&sessId=&size=high,28,0
547,http://dasi.cnr.it/de/cgi-bin/wsimg.pl?recId=1420&sessId=&size=high,28,0
548,http://dasi.cnr.it/de/cgi-bin/wsimg.pl?recId=4014&sessId=&size=high,28,0
549,http://dasi.cnr.it/de/cgi-bin/wsimg.pl?recId=206&sessId=&size=high,28,0
550,http://dasi.cnr.it/de/cgi-bin/wsimg.pl?recId=4169&sessId=&size=high,28,0
551,http://dasi.cnr.it/de/cgi-bin/wsimg.pl?recId=971&sessId=&size=high,28,0
552,http://dasi.cnr.it/de/cgi-bin/wsimg.pl?recId=4262&sessId=&size=high,28,0
553,http://dasi.cnr.it/de/cgi-bin/wsimg.pl?recId=3449&sessId=&size=high,29,0
554,http://dasi.cnr.it/de/cgi-bin/wsimg.pl?recId=2326&sessId=&size=high,29,0
555,http://dasi.cnr.it/de/cgi-bin/wsimg.pl?recId=12164&sessId=&size=high,29,0
556,http://dasi.cnr.it/de/cgi-bin/wsimg.pl?recId=576&sessId=&size=high,29,0
557,http://dasi.cnr.it/de/cgi-bin/wsimg.pl?recId=1711&sessId=&size=high,29,0
558,http://dasi.cnr.it/de/cgi-bin/wsimg.pl?recId=4756&sessId=&size=high,29,0
559,http://dasi.cnr.it/de/cgi-bin/wsimg.pl?recId=9016&sessId=&size=high,29,0
560,http://dasi.cnr.it/de/cgi-bin/wsimg.pl?recId=11364&sessId=&size=high,29,0
561,http://dasi.cnr.it/de/cgi-bin/wsimg.pl?recId=9017&sessId=&size=high,29,0
562,http://dasi.cnr.it/de/cgi-bin/wsimg.pl?recId=11365&sessId=&size=high,29,0
563,http://dasi.cnr.it/de/cgi-bin/wsimg.pl?recId=11360&sessId=&size=high,29,0
564,http://dasi.cnr.it/de/cgi-bin/wsimg.pl?recId=11359&sessId=&size=high,29,0
565,http://dasi.cnr.it/de/cgi-bin/wsimg.pl?recId=9014&sessId=&size=high,29,0
566,http://dasi.cnr.it/de/cgi-bin/wsimg.pl?recId=9021&sessId=&size=high,29,0
567,http://dasi.cnr.it/de/cgi-bin/wsimg.pl?recId=11363&sessId=&size=high,29,0
568,http://dasi.cnr.it/de/cgi-bin/wsimg.pl?recId=728&sessId=&size=high,29,0
569,http://dasi.cnr.it/de/cgi-bin/wsimg.pl?recId=1315&sessId=&size=high,29,0
570,http://dasi.cnr.it/de/cgi-bin/wsimg.pl?recId=1315&sessId=&size=high,29,0
571,http://dasi.cnr.it/de/cgi-bin/wsimg.pl?recId=568&sessId=&size=high,29,0
572,http://dasi.cnr.it/de/cgi-bin/wsimg.pl?recId=1373&sessId=&size=high,29,0
573,http://dasi.cnr.it/de/cgi-bin/wsimg.pl?recId=1373&sessId=&size=high,29,0
574,http://dasi.cnr.it/de/cgi-bin/wsimg.pl?recId=5243&sessId=&size=high,29,0
575,http://dasi.cnr.it/de/cgi-bin/wsimg.pl?recId=701&sessId=&size=high,29,0
576,http://dasi.cnr.it/de/cgi-bin/wsimg.pl?recId=7189&sessId=&size=high,29,0
577,http://dasi.cnr.it/de/cgi-bin/wsimg.pl?recId=194&sessId=&size=high,29,0
578,http://dasi.cnr.it/de/cgi-bin/wsimg.pl?recId=3032&sessId=&size=high,29,0
579,http://dasi.cnr.it/de/cgi-bin/wsimg.pl?recId=4259&sessId=&size=high,29,0
580,http://dasi.cnr.it/de/cgi-bin/wsimg.pl?recId=5120&sessId=&size=high,29,0
581,http://dasi.cnr.it/de/cgi-bin/wsimg.pl?recId=1768&sessId=&size=high,29,1
582,http://dasi.cnr.it/de/cgi-bin/wsimg.pl?recId=5658&sessId=&size=high,29,1
583,http://dasi.cnr.it/de/cgi-bin/wsimg.pl?recId=1007&sessId=&size=high,29,1
584,http://dasi.cnr.it/de/cgi-bin/wsimg.pl?recId=5009&sessId=&size=high,29,1
585,http://dasi.cnr.it/de/cgi-bin/wsimg.pl?recId=2311&sessId=&size=high,29,1
586,http://dasi.cnr.it/de/cgi-bin/wsimg.pl?recId=7948&sessId=&size=high,29,1
587,http://dasi.cnr.it/de/cgi-bin/wsimg.pl?recId=3096&sessId=&size=high,30,0
588,http://dasi.cnr.it/de/cgi-bin/wsimg.pl?recId=2039&sessId=&size=high,30,0
589,http://dasi.cnr.it/de/cgi-bin/wsimg.pl?recId=5092&sessId=&size=high,30,0
590,http://dasi.cnr.it/de/cgi-bin/wsimg.pl?recId=4389&sessId=&size=high,30,0
591,http://dasi.cnr.it/de/cgi-bin/wsimg.pl?recId=4808&sessId=&size=high,30,0
592,http://dasi.cnr.it/de/cgi-bin/wsimg.pl?recId=12165&sessId=&size=high,31,0
593,http://dasi.cnr.it/de/cgi-bin/wsimg.pl?recId=7097&sessId=&size=high,31,0
594,http://dasi.cnr.it/de/cgi-bin/wsimg.pl?recId=10209&sessId=&size=high,31,0
595,http://dasi.cnr.it/de/cgi-bin/wsimg.pl?recId=2512&sessId=&size=high,31,0
596,http://dasi.cnr.it/de/cgi-bin/wsimg.pl?recId=1192&sessId=&size=high,31,0
597,http://dasi.cnr.it/de/cgi-bin/wsimg.pl?recId=4187&sessId=&size=high,31,0
598,http://dasi.cnr.it/de/cgi-bin/wsimg.pl?recId=4506&sessId=&size=high,31,0
599,http://dasi.cnr.it/de/cgi-bin/wsimg.pl?recId=1809&sessId=&size=high,31,0
600,http://dasi.cnr.it/de/cgi-bin/wsimg.pl?recId=3635&sessId=&size=high,31,0
601,http://dasi.cnr.it/de/cgi-bin/wsimg.pl?recId=5508&sessId=&size=high,31,0
602,http://dasi.cnr.it/de/cgi-bin/wsimg.pl?recId=1675&sessId=&size=high,31,0
603,http://dasi.cnr.it/de/cgi-bin/wsimg.pl?recId=5545&sessId=&size=high,31,0
604,http://dasi.cnr.it/de/cgi-bin/wsimg.pl?recId=2763&sessId=&size=high,31,0
605,http://dasi.cnr.it/de/cgi-bin/wsimg.pl?recId=5201&sessId=&size=high,31,0
606,http://dasi.cnr.it/de/cgi-bin/wsimg.pl?recId=2086&sessId=&size=high,31,0
607,http://dasi.cnr.it/de/cgi-bin/wsimg.pl?recId=2500&sessId=&size=high,31,0
608,http://dasi.cnr.it/de/cgi-bin/wsimg.pl?recId=3324&sessId=&size=high,31,0
609,http://dasi.cnr.it/de/cgi-bin/wsimg.pl?recId=5376&sessId=&size=high,31,0
610,http://dasi.cnr.it/de/cgi-bin/wsimg.pl?recId=2516&sessId=&size=high,31,0
611,http://dasi.cnr.it/de/cgi-bin/wsimg.pl?recId=84&sessId=&size=high,31,0
612,http://dasi.cnr.it/de/cgi-bin/wsimg.pl?recId=4723&sessId=&size=high,31,0
613,http://dasi.cnr.it/de/cgi-bin/wsimg.pl?recId=4935&sessId=&size=high,31,0
614,http://dasi.cnr.it/de/cgi-bin/wsimg.pl?recId=4157&sessId=&size=high,31,0
615,http://dasi.cnr.it/de/cgi-bin/wsimg.pl?recId=1234&sessId=&size=high,31,0
616,http://dasi.cnr.it/de/cgi-bin/wsimg.pl?recId=4329&sessId=&size=high,31,0
617,http://dasi.cnr.it/de/cgi-bin/wsimg.pl?recId=242&sessId=&size=high,31,0
618,http://dasi.cnr.it/de/cgi-bin/wsimg.pl?recId=2818&sessId=&size=high,31,0
619,http://dasi.cnr.it/de/cgi-bin/wsimg.pl?recId=1178&sessId=&size=high,31,0
620,http://dasi.cnr.it/de/cgi-bin/wsimg.pl?recId=3799&sessId=&size=high,31,0
621,http://dasi.cnr.it/de/cgi-bin/wsimg.pl?recId=946&sessId=&size=high,31,1
622,http://dasi.cnr.it/de/cgi-bin/wsimg.pl?recId=12166&sessId=&size=high,31,1
623,http://dasi.cnr.it/de/cgi-bin/wsimg.pl?recId=3028&sessId=&size=high,31,1
624,http://dasi.cnr.it/de/cgi-bin/wsimg.pl?recId=4026&sessId=&size=high,31,1
625,http://dasi.cnr.it/de/cgi-bin/wsimg.pl?recId=4227&sessId=&size=high,31,1
626,http://dasi.cnr.it/de/cgi-bin/wsimg.pl?recId=5323&sessId=&size=high,31,1
627,http://dasi.cnr.it/de/cgi-bin/wsimg.pl?recId=5438&sessId=&size=high,31,1
628,http://dasi.cnr.it/de/cgi-bin/wsimg.pl?recId=176&sessId=&size=high,31,1
629,http://dasi.cnr.it/de/cgi-bin/wsimg.pl?recId=5184&sessId=&size=high,31,1
630,http://dasi.cnr.it/de/cgi-bin/wsimg.pl?recId=4232&sessId=&size=high,31,1
631,http://dasi.cnr.it/de/cgi-bin/wsimg.pl?recId=2298&sessId=&size=high,31,1
632,http://dasi.cnr.it/de/cgi-bin/wsimg.pl?recId=1650&sessId=&size=high,31,1
633,http://dasi.cnr.it/de/cgi-bin/wsimg.pl?recId=1314&sessId=&size=high,31,1
634,http://dasi.cnr.it/de/cgi-bin/wsimg.pl?recId=2833&sessId=&size=high,31,1
635,http://dasi.cnr.it/de/cgi-bin/wsimg.pl?recId=120&sessId=&size=high,31,1
636,http://dasi.cnr.it/de/cgi-bin/wsimg.pl?recId=1564&sessId=&size=high,31,1
637,http://dasi.cnr.it/de/cgi-bin/wsimg.pl?recId=1475&sessId=&size=high,31,1
638,http://dasi.cnr.it/de/cgi-bin/wsimg.pl?recId=3562&sessId=&size=high,31,1
639,http://dasi.cnr.it/de/cgi-bin/wsimg.pl?recId=1584&sessId=&size=high,31,1
640,http://dasi.cnr.it/de/cgi-bin/wsimg.pl?recId=5333&sessId=&size=high,31,1
641,http://dasi.cnr.it/de/cgi-bin/wsimg.pl?recId=12151&sessId=&size=high,31,1
642,http://dasi.cnr.it/de/cgi-bin/wsimg.pl?recId=4630&sessId=&size=high,31,1
643,http://dasi.cnr.it/de/cgi-bin/wsimg.pl?recId=741&sessId=&size=high,31,1
644,http://dasi.cnr.it/de/cgi-bin/wsimg.pl?recId=4914&sessId=&size=high,31,1
645,http://dasi.cnr.it/de/cgi-bin/wsimg.pl?recId=3046&sessId=&size=high,31,1
646,http://dasi.cnr.it/de/cgi-bin/wsimg.pl?recId=1627&sessId=&size=high,31,1
647,http://dasi.cnr.it/de/cgi-bin/wsimg.pl?recId=5553&sessId=&size=high,31,1
648,http://dasi.cnr.it/de/cgi-bin/wsimg.pl?recId=1796&sessId=&size=high,31,1
649,http://dasi.cnr.it/de/cgi-bin/wsimg.pl?recId=3144&sessId=&size=high,31,1
650,http://dasi.cnr.it/de/cgi-bin/wsimg.pl?recId=1119&sessId=&size=high,31,1
651,http://dasi.cnr.it/de/cgi-bin/wsimg.pl?recId=374&sessId=&size=high,31,2
652,http://dasi.cnr.it/de/cgi-bin/wsimg.pl?recId=11060&sessId=&size=high,31,2
653,http://dasi.cnr.it/de/cgi-bin/wsimg.pl?recId=7725&sessId=&size=high,31,2
654,http://dasi.cnr.it/de/cgi-bin/wsimg.pl?recId=6057&sessId=&size=high,31,2
655,http://dasi.cnr.it/de/cgi-bin/wsimg.pl?recId=6061&sessId=&size=high,31,2
656,http://dasi.cnr.it/de/cgi-bin/wsimg.pl?recId=6065&sessId=&size=high,31,2
657,http://dasi.cnr.it/de/cgi-bin/wsimg.pl?recId=6069&sessId=&size=high,31,2
658,http://dasi.cnr.it/de/cgi-bin/wsimg.pl?recId=6074&sessId=&size=high,31,2
659,http://dasi.cnr.it/de/cgi-bin/wsimg.pl?recId=6079&sessId=&size=high,31,2
660,http://dasi.cnr.it/de/cgi-bin/wsimg.pl?recId=6082&sessId=&size=high,31,2
661,http://dasi.cnr.it/de/cgi-bin/wsimg.pl?recId=6185&sessId=&size=high,31,3
662,http://dasi.cnr.it/de/cgi-bin/wsimg.pl?recId=6089&sessId=&size=high,31,3
663,http://dasi.cnr.it/de/cgi-bin/wsimg.pl?recId=6091&sessId=&size=high,31,3
664,http://dasi.cnr.it/de/cgi-bin/wsimg.pl?recId=6187&sessId=&size=high,31,3
665,http://dasi.cnr.it/de/cgi-bin/wsimg.pl?recId=6191&sessId=&size=high,31,3
666,http://dasi.cnr.it/de/cgi-bin/wsimg.pl?recId=6192&sessId=&size=high,31,3
667,http://dasi.cnr.it/de/cgi-bin/wsimg.pl?recId=6193&sessId=&size=high,31,3
668,http://dasi.cnr.it/de/cgi-bin/wsimg.pl?recId=6194&sessId=&size=high,31,3
669,http://dasi.cnr.it/de/cgi-bin/wsimg.pl?recId=6195&sessId=&size=high,31,3
670,http://dasi.cnr.it/de/cgi-bin/wsimg.pl?recId=6196&sessId=&size=high,31,3
671,http://dasi.cnr.it/de/cgi-bin/wsimg.pl?recId=6197&sessId=&size=high,31,3
672,http://dasi.cnr.it/de/cgi-bin/wsimg.pl?recId=6199&sessId=&size=high,31,3
673,http://dasi.cnr.it/de/cgi-bin/wsimg.pl?recId=435&sessId=&size=high,31,3
674,http://dasi.cnr.it/de/cgi-bin/wsimg.pl?recId=12243&sessId=&size=high,31,3
675,http://dasi.cnr.it/de/cgi-bin/wsimg.pl?recId=1536&sessId=&size=high,31,3
676,http://dasi.cnr.it/de/cgi-bin/wsimg.pl?recId=3818&sessId=&size=high,31,3
677,http://dasi.cnr.it/de/cgi-bin/wsimg.pl?recId=1110&sessId=&size=high,31,3
678,http://dasi.cnr.it/de/cgi-bin/wsimg.pl?recId=12293&sessId=&size=high,31,3
679,http://dasi.cnr.it/de/cgi-bin/wsimg.pl?recId=1393&sessId=&size=high,31,3
680,http://dasi.cnr.it/de/cgi-bin/wsimg.pl?recId=4558&sessId=&size=high,31,3
681,http://dasi.cnr.it/de/cgi-bin/wsimg.pl?recId=12291&sessId=&size=high,31,3
682,http://dasi.cnr.it/de/cgi-bin/wsimg.pl?recId=381&sessId=&size=high,31,3
683,http://dasi.cnr.it/de/cgi-bin/wsimg.pl?recId=12284&sessId=&size=high,31,3
684,http://dasi.cnr.it/de/cgi-bin/wsimg.pl?recId=12300&sessId=&size=high,31,3
685,http://dasi.cnr.it/de/cgi-bin/wsimg.pl?recId=2662&sessId=&size=high,31,3
686,http://dasi.cnr.it/de/cgi-bin/wsimg.pl?recId=3208&sessId=&size=high,31,3
687,http://dasi.cnr.it/de/cgi-bin/wsimg.pl?recId=4665&sessId=&size=high,31,3
688,http://dasi.cnr.it/de/cgi-bin/wsimg.pl?recId=5539&sessId=&size=high,31,3
689,http://dasi.cnr.it/de/cgi-bin/wsimg.pl?recId=4003&sessId=&size=high,31,4
690,http://dasi.cnr.it/de/cgi-bin/wsimg.pl?recId=3795&sessId=&size=high,31,4
691,http://dasi.cnr.it/de/cgi-bin/wsimg.pl?recId=3161&sessId=&size=high,31,4
692,http://dasi.cnr.it/de/cgi-bin/wsimg.pl?recId=4975&sessId=&size=high,31,4
693,http://dasi.cnr.it/de/cgi-bin/wsimg.pl?recId=2997&sessId=&size=high,31,4
694,http://dasi.cnr.it/de/cgi-bin/wsimg.pl?recId=4703&sessId=&size=high,31,4
695,http://dasi.cnr.it/de/cgi-bin/wsimg.pl?recId=531&sessId=&size=high,31,4
696,http://dasi.cnr.it/de/cgi-bin/wsimg.pl?recId=5577&sessId=&size=high,31,4
697,http://dasi.cnr.it/de/cgi-bin/wsimg.pl?recId=3837&sessId=&size=high,31,4
698,http://dasi.cnr.it/de/cgi-bin/wsimg.pl?recId=2487&sessId=&size=high,31,4
699,http://dasi.cnr.it/de/cgi-bin/wsimg.pl?recId=7140&sessId=&size=high,31,4
700,http://dasi.cnr.it/de/cgi-bin/wsimg.pl?recId=2434&sessId=&size=high,31,4
701,http://dasi.cnr.it/de/cgi-bin/wsimg.pl?recId=9726&sessId=&size=high,31,4
702,http://dasi.cnr.it/de/cgi-bin/wsimg.pl?recId=378&sessId=&size=high,31,4
703,http://dasi.cnr.it/de/cgi-bin/wsimg.pl?recId=12300&sessId=&size=high,31,4
704,http://dasi.cnr.it/de/cgi-bin/wsimg.pl?recId=12272&sessId=&size=high,31,4
705,http://dasi.cnr.it/de/cgi-bin/wsimg.pl?recId=4941&sessId=&size=high,31,4
706,http://dasi.cnr.it/de/cgi-bin/wsimg.pl?recId=4197&sessId=&size=high,31,4
707,http://dasi.cnr.it/de/cgi-bin/wsimg.pl?recId=3916&sessId=&size=high,31,4
708,http://dasi.cnr.it/de/cgi-bin/wsimg.pl?recId=3962&sessId=&size=high,31,4
709,http://dasi.cnr.it/de/cgi-bin/wsimg.pl?recId=12131&sessId=&size=high,31,4
710,http://dasi.cnr.it/de/cgi-bin/wsimg.pl?recId=2392&sessId=&size=high,31,4
711,http://dasi.cnr.it/de/cgi-bin/wsimg.pl?recId=2820&sessId=&size=high,31,4
712,http://dasi.cnr.it/de/cgi-bin/wsimg.pl?recId=7268&sessId=&size=high,31,4
713,http://dasi.cnr.it/de/cgi-bin/wsimg.pl?recId=7945&sessId=&size=high,31,4
714,http://dasi.cnr.it/de/cgi-bin/wsimg.pl?recId=3861&sessId=&size=high,31,4
715,http://dasi.cnr.it/de/cgi-bin/wsimg.pl?recId=437&sessId=&size=high,31,4
716,http://dasi.cnr.it/de/cgi-bin/wsimg.pl?recId=145&sessId=&size=high,31,4
717,http://dasi.cnr.it/de/cgi-bin/wsimg.pl?recId=3809&sessId=&size=high,31,4
718,http://dasi.cnr.it/de/cgi-bin/wsimg.pl?recId=1310&sessId=&size=high,31,4
719,http://dasi.cnr.it/de/cgi-bin/wsimg.pl?recId=1081&sessId=&size=high,31,5
720,http://dasi.cnr.it/de/cgi-bin/wsimg.pl?recId=1906&sessId=&size=high,31,5
721,http://dasi.cnr.it/de/cgi-bin/wsimg.pl?recId=1302&sessId=&size=high,31,5
722,http://dasi.cnr.it/de/cgi-bin/wsimg.pl?recId=5141&sessId=&size=high,31,5
723,http://dasi.cnr.it/de/cgi-bin/wsimg.pl?recId=4616&sessId=&size=high,31,5
724,http://dasi.cnr.it/de/cgi-bin/wsimg.pl?recId=4267&sessId=&size=high,31,5
725,http://dasi.cnr.it/de/cgi-bin/wsimg.pl?recId=3824&sessId=&size=high,31,5
726,http://dasi.cnr.it/de/cgi-bin/wsimg.pl?recId=12031&sessId=&size=high,31,5
727,http://dasi.cnr.it/de/cgi-bin/wsimg.pl?recId=5512&sessId=&size=high,31,5
728,http://dasi.cnr.it/de/cgi-bin/wsimg.pl?recId=198&sessId=&size=high,31,5
729,http://dasi.cnr.it/de/cgi-bin/wsimg.pl?recId=4897&sessId=&size=high,31,5
730,http://dasi.cnr.it/de/cgi-bin/wsimg.pl?recId=4414&sessId=&size=high,31,5
731,http://dasi.cnr.it/de/cgi-bin/wsimg.pl?recId=542&sessId=&size=high,31,5
732,http://dasi.cnr.it/de/cgi-bin/wsimg.pl?recId=5576&sessId=&size=high,31,5
733,http://dasi.cnr.it/de/cgi-bin/wsimg.pl?recId=2239&sessId=&size=high,31,5
734,http://dasi.cnr.it/de/cgi-bin/wsimg.pl?recId=7944&sessId=&size=high,31,5
735,http://dasi.cnr.it/de/cgi-bin/wsimg.pl?recId=1332&sessId=&size=high,31,5
736,http://dasi.cnr.it/de/cgi-bin/wsimg.pl?recId=2150&sessId=&size=high,31,5
737,http://dasi.cnr.it/de/cgi-bin/wsimg.pl?recId=4051&sessId=&size=high,31,5
738,http://dasi.cnr.it/de/cgi-bin/wsimg.pl?recId=12276&sessId=&size=high,31,5
739,http://dasi.cnr.it/de/cgi-bin/wsimg.pl?recId=843&sessId=&size=high,31,5
740,http://dasi.cnr.it/de/cgi-bin/wsimg.pl?recId=4032&sessId=&size=high,31,5
741,http://dasi.cnr.it/de/cgi-bin/wsimg.pl?recId=265&sessId=&size=high,31,5
742,http://dasi.cnr.it/de/cgi-bin/wsimg.pl?recId=2016&sessId=&size=high,31,5
743,http://dasi.cnr.it/de/cgi-bin/wsimg.pl?recId=3002&sessId=&size=high,31,5
744,http://dasi.cnr.it/de/cgi-bin/wsimg.pl?recId=3885&sessId=&size=high,31,5
745,http://dasi.cnr.it/de/cgi-bin/wsimg.pl?recId=577&sessId=&size=high,31,5
746,http://dasi.cnr.it/de/cgi-bin/wsimg.pl?recId=3466&sessId=&size=high,31,5
747,http://dasi.cnr.it/de/cgi-bin/wsimg.pl?recId=321&sessId=&size=high,31,5
748,http://dasi.cnr.it/de/cgi-bin/wsimg.pl?recId=4282&sessId=&size=high,31,6
749,http://dasi.cnr.it/de/cgi-bin/wsimg.pl?recId=2571&sessId=&size=high,31,6
750,http://dasi.cnr.it/de/cgi-bin/wsimg.pl?recId=427&sessId=&size=high,31,6
751,http://dasi.cnr.it/de/cgi-bin/wsimg.pl?recId=3504&sessId=&size=high,31,6
752,http://dasi.cnr.it/de/cgi-bin/wsimg.pl?recId=3237&sessId=&size=high,31,6
753,http://dasi.cnr.it/de/cgi-bin/wsimg.pl?recId=3938&sessId=&size=high,31,6
754,http://dasi.cnr.it/de/cgi-bin/wsimg.pl?recId=3851&sessId=&size=high,31,6
755,http://dasi.cnr.it/de/cgi-bin/wsimg.pl?recId=1947&sessId=&size=high,31,6
756,http://dasi.cnr.it/de/cgi-bin/wsimg.pl?recId=5094&sessId=&size=high,31,6
757,http://dasi.cnr.it/de/cgi-bin/wsimg.pl?recId=2029&sessId=&size=high,31,6
758,http://dasi.cnr.it/de/cgi-bin/wsimg.pl?recId=1430&sessId=&size=high,31,6
759,http://dasi.cnr.it/de/cgi-bin/wsimg.pl?recId=5430&sessId=&size=high,31,6
760,http://dasi.cnr.it/de/cgi-bin/wsimg.pl?recId=3723&sessId=&size=high,31,6
761,http://dasi.cnr.it/de/cgi-bin/wsimg.pl?recId=1131&sessId=&size=high,31,6
762,http://dasi.cnr.it/de/cgi-bin/wsimg.pl?recId=2777&sessId=&size=high,31,6
763,http://dasi.cnr.it/de/cgi-bin/wsimg.pl?recId=1358&sessId=&size=high,31,6
764,http://dasi.cnr.it/de/cgi-bin/wsimg.pl?recId=954&sessId=&size=high,31,6
765,http://dasi.cnr.it/de/cgi-bin/wsimg.pl?recId=4382&sessId=&size=high,31,6
766,http://dasi.cnr.it/de/cgi-bin/wsimg.pl?recId=5135&sessId=&size=high,31,6
767,http://dasi.cnr.it/de/cgi-bin/wsimg.pl?recId=1828&sessId=&size=high,31,6
768,http://dasi.cnr.it/de/cgi-bin/wsimg.pl?recId=5656&sessId=&size=high,31,6
769,http://dasi.cnr.it/de/cgi-bin/wsimg.pl?recId=3626&sessId=&size=high,31,6
770,http://dasi.cnr.it/de/cgi-bin/wsimg.pl?recId=3946&sessId=&size=high,31,6
771,http://dasi.cnr.it/de/cgi-bin/wsimg.pl?recId=2382&sessId=&size=high,31,6
772,http://dasi.cnr.it/de/cgi-bin/wsimg.pl?recId=3120&sessId=&size=high,31,6
773,http://dasi.cnr.it/de/cgi-bin/wsimg.pl?recId=5313&sessId=&size=high,31,6
774,http://dasi.cnr.it/de/cgi-bin/wsimg.pl?recId=2889&sessId=&size=high,31,6
775,http://dasi.cnr.it/de/cgi-bin/wsimg.pl?recId=5468&sessId=&size=high,31,6
776,http://dasi.cnr.it/de/cgi-bin/wsimg.pl?recId=3255&sessId=&size=high,31,6
777,http://dasi.cnr.it/de/cgi-bin/wsimg.pl?recId=546&sessId=&size=high,31,6
778,http://dasi.cnr.it/de/cgi-bin/wsimg.pl?recId=236&sessId=&size=high,31,7
779,http://dasi.cnr.it/de/cgi-bin/wsimg.pl?recId=4399&sessId=&size=high,31,7
780,http://dasi.cnr.it/de/cgi-bin/wsimg.pl?recId=5343&sessId=&size=high,31,7
781,http://dasi.cnr.it/de/cgi-bin/wsimg.pl?recId=5541&sessId=&size=high,31,7
782,http://dasi.cnr.it/de/cgi-bin/wsimg.pl?recId=3274&sessId=&size=high,31,7
783,http://dasi.cnr.it/de/cgi-bin/wsimg.pl?recId=1112&sessId=&size=high,31,7
784,http://dasi.cnr.it/de/cgi-bin/wsimg.pl?recId=5151&sessId=&size=high,31,7
785,http://dasi.cnr.it/de/cgi-bin/wsimg.pl?recId=2764&sessId=&size=high,31,7
786,http://dasi.cnr.it/de/cgi-bin/wsimg.pl?recId=3226&sessId=&size=high,31,7
787,http://dasi.cnr.it/de/cgi-bin/wsimg.pl?recId=5666&sessId=&size=high,31,7
788,http://dasi.cnr.it/de/cgi-bin/wsimg.pl?recId=2270&sessId=&size=high,31,7
789,http://dasi.cnr.it/de/cgi-bin/wsimg.pl?recId=1386&sessId=&size=high,31,7
790,http://dasi.cnr.it/de/cgi-bin/wsimg.pl?recId=2427&sessId=&size=high,31,7
791,http://dasi.cnr.it/de/cgi-bin/wsimg.pl?recId=5365&sessId=&size=high,31,7
792,http://dasi.cnr.it/de/cgi-bin/wsimg.pl?recId=1492&sessId=&size=high,31,7
793,http://dasi.cnr.it/de/cgi-bin/wsimg.pl?recId=310&sessId=&size=high,31,7
794,http://dasi.cnr.it/de/cgi-bin/wsimg.pl?recId=2675&sessId=&size=high,31,7
795,http://dasi.cnr.it/de/cgi-bin/wsimg.pl?recId=3679&sessId=&size=high,31,7
796,http://dasi.cnr.it/de/cgi-bin/wsimg.pl?recId=5286&sessId=&size=high,31,7
797,http://dasi.cnr.it/de/cgi-bin/wsimg.pl?recId=628&sessId=&size=high,31,7
798,http://dasi.cnr.it/de/cgi-bin/wsimg.pl?recId=4129&sessId=&size=high,31,7
799,http://dasi.cnr.it/de/cgi-bin/wsimg.pl?recId=5379&sessId=&size=high,31,7
800,http://dasi.cnr.it/de/cgi-bin/wsimg.pl?recId=92&sessId=&size=high,31,7
801,http://dasi.cnr.it/de/cgi-bin/wsimg.pl?recId=4194&sessId=&size=high,31,7
802,http://dasi.cnr.it/de/cgi-bin/wsimg.pl?recId=1251&sessId=&size=high,31,7
803,http://dasi.cnr.it/de/cgi-bin/wsimg.pl?recId=3707&sessId=&size=high,31,7
804,http://dasi.cnr.it/de/cgi-bin/wsimg.pl?recId=2935&sessId=&size=high,31,7
805,http://dasi.cnr.it/de/cgi-bin/wsimg.pl?recId=1027&sessId=&size=high,31,7
806,http://dasi.cnr.it/de/cgi-bin/wsimg.pl?recId=1298&sessId=&size=high,31,7
807,http://dasi.cnr.it/de/cgi-bin/wsimg.pl?recId=533&sessId=&size=high,31,7
808,http://dasi.cnr.it/de/cgi-bin/wsimg.pl?recId=2184&sessId=&size=high,31,8
809,http://dasi.cnr.it/de/cgi-bin/wsimg.pl?recId=5277&sessId=&size=high,31,8
810,http://dasi.cnr.it/de/cgi-bin/wsimg.pl?recId=5587&sessId=&size=high,31,8
811,http://dasi.cnr.it/de/cgi-bin/wsimg.pl?recId=4117&sessId=&size=high,31,8
812,http://dasi.cnr.it/de/cgi-bin/wsimg.pl?recId=1939&sessId=&size=high,31,8
813,http://dasi.cnr.it/de/cgi-bin/wsimg.pl?recId=2837&sessId=&size=high,31,8
814,http://dasi.cnr.it/de/cgi-bin/wsimg.pl?recId=2471&sessId=&size=high,31,8
815,http://dasi.cnr.it/de/cgi-bin/wsimg.pl?recId=5144&sessId=&size=high,31,8
816,http://dasi.cnr.it/de/cgi-bin/wsimg.pl?recId=2356&sessId=&size=high,31,8
817,http://dasi.cnr.it/de/cgi-bin/wsimg.pl?recId=3926&sessId=&size=high,31,8
818,http://dasi.cnr.it/de/cgi-bin/wsimg.pl?recId=53&sessId=&size=high,31,8
819,http://dasi.cnr.it/de/cgi-bin/wsimg.pl?recId=1812&sessId=&size=high,31,8
820,http://dasi.cnr.it/de/cgi-bin/wsimg.pl?recId=3293&sessId=&size=high,31,8
821,http://dasi.cnr.it/de/cgi-bin/wsimg.pl?recId=5606&sessId=&size=high,31,8
822,http://dasi.cnr.it/de/cgi-bin/wsimg.pl?recId=4641&sessId=&size=high,31,8
823,http://dasi.cnr.it/de/cgi-bin/wsimg.pl?recId=2203&sessId=&size=high,31,8
824,http://dasi.cnr.it/de/cgi-bin/wsimg.pl?recId=3291&sessId=&size=high,31,8
825,http://dasi.cnr.it/de/cgi-bin/wsimg.pl?recId=5610&sessId=&size=high,31,8
826,http://dasi.cnr.it/de/cgi-bin/wsimg.pl?recId=4218&sessId=&size=high,31,8
827,http://dasi.cnr.it/de/cgi-bin/wsimg.pl?recId=5537&sessId=&size=high,31,8
828,http://dasi.cnr.it/de/cgi-bin/wsimg.pl?recId=852&sessId=&size=high,31,8
829,http://dasi.cnr.it/de/cgi-bin/wsimg.pl?recId=3051&sessId=&size=high,31,8
830,http://dasi.cnr.it/de/cgi-bin/wsimg.pl?recId=2210&sessId=&size=high,31,8
831,http://dasi.cnr.it/de/cgi-bin/wsimg.pl?recId=4771&sessId=&size=high,31,8
832,http://dasi.cnr.it/de/cgi-bin/wsimg.pl?recId=1285&sessId=&size=high,31,8
833,http://dasi.cnr.it/de/cgi-bin/wsimg.pl?recId=2141&sessId=&size=high,31,8
834,http://dasi.cnr.it/de/cgi-bin/wsimg.pl?recId=5024&sessId=&size=high,31,8
835,http://dasi.cnr.it/de/cgi-bin/wsimg.pl?recId=2133&sessId=&size=high,31,8
836,http://dasi.cnr.it/de/cgi-bin/wsimg.pl?recId=5571&sessId=&size=high,31,8
837,http://dasi.cnr.it/de/cgi-bin/wsimg.pl?recId=5434&sessId=&size=high,31,8
838,http://dasi.cnr.it/de/cgi-bin/wsimg.pl?recId=3382&sessId=&size=high,31,9
839,http://dasi.cnr.it/de/cgi-bin/wsimg.pl?recId=1948&sessId=&size=high,31,9
840,http://dasi.cnr.it/de/cgi-bin/wsimg.pl?recId=4212&sessId=&size=high,31,9
841,http://dasi.cnr.it/de/cgi-bin/wsimg.pl?recId=83&sessId=&size=high,31,9
842,http://dasi.cnr.it/de/cgi-bin/wsimg.pl?recId=1659&sessId=&size=high,31,9
843,http://dasi.cnr.it/de/cgi-bin/wsimg.pl?recId=3690&sessId=&size=high,31,9
844,http://dasi.cnr.it/de/cgi-bin/wsimg.pl?recId=4726&sessId=&size=high,31,9
845,http://dasi.cnr.it/de/cgi-bin/wsimg.pl?recId=1054&sessId=&size=high,31,9
846,http://dasi.cnr.it/de/cgi-bin/wsimg.pl?recId=1082&sessId=&size=high,31,9
847,http://dasi.cnr.it/de/cgi-bin/wsimg.pl?recId=1899&sessId=&size=high,31,9
848,http://dasi.cnr.it/de/cgi-bin/wsimg.pl?recId=5358&sessId=&size=high,31,9
849,http://dasi.cnr.it/de/cgi-bin/wsimg.pl?recId=436&sessId=&size=high,31,9
850,http://dasi.cnr.it/de/cgi-bin/wsimg.pl?recId=332&sessId=&size=high,31,9
851,http://dasi.cnr.it/de/cgi-bin/wsimg.pl?recId=4647&sessId=&size=high,31,9
852,http://dasi.cnr.it/de/cgi-bin/wsimg.pl?recId=2228&sessId=&size=high,31,9
853,http://dasi.cnr.it/de/cgi-bin/wsimg.pl?recId=458&sessId=&size=high,31,9
854,http://dasi.cnr.it/de/cgi-bin/wsimg.pl?recId=2554&sessId=&size=high,31,9
855,http://dasi.cnr.it/de/cgi-bin/wsimg.pl?recId=1419&sessId=&size=high,31,9
856,http://dasi.cnr.it/de/cgi-bin/wsimg.pl?recId=4433&sessId=&size=high,31,9
857,http://dasi.cnr.it/de/cgi-bin/wsimg.pl?recId=2903&sessId=&size=high,31,9
858,http://dasi.cnr.it/de/cgi-bin/wsimg.pl?recId=5021&sessId=&size=high,31,9
859,http://dasi.cnr.it/de/cgi-bin/wsimg.pl?recId=384&sessId=&size=high,31,9
860,http://dasi.cnr.it/de/cgi-bin/wsimg.pl?recId=3672&sessId=&size=high,31,9
861,http://dasi.cnr.it/de/cgi-bin/wsimg.pl?recId=4899&sessId=&size=high,31,9
862,http://dasi.cnr.it/de/cgi-bin/wsimg.pl?recId=5646&sessId=&size=high,31,9
863,http://dasi.cnr.it/de/cgi-bin/wsimg.pl?recId=3792&sessId=&size=high,31,9
864,http://dasi.cnr.it/de/cgi-bin/wsimg.pl?recId=2615&sessId=&size=high,31,9
865,http://dasi.cnr.it/de/cgi-bin/wsimg.pl?recId=5157&sessId=&size=high,31,9
866,http://dasi.cnr.it/de/cgi-bin/wsimg.pl?recId=1845&sessId=&size=high,31,9
867,http://dasi.cnr.it/de/cgi-bin/wsimg.pl?recId=353&sessId=&size=high,31,9
868,http://dasi.cnr.it/de/cgi-bin/wsimg.pl?recId=2417&sessId=&size=high,31,10
869,http://dasi.cnr.it/de/cgi-bin/wsimg.pl?recId=5104&sessId=&size=high,31,10
870,http://dasi.cnr.it/de/cgi-bin/wsimg.pl?recId=3868&sessId=&size=high,31,10
871,http://dasi.cnr.it/de/cgi-bin/wsimg.pl?recId=347&sessId=&size=high,31,10
872,http://dasi.cnr.it/de/cgi-bin/wsimg.pl?recId=3140&sessId=&size=high,31,10
873,http://dasi.cnr.it/de/cgi-bin/wsimg.pl?recId=5239&sessId=&size=high,31,10
874,http://dasi.cnr.it/de/cgi-bin/wsimg.pl?recId=3889&sessId=&size=high,31,10
875,http://dasi.cnr.it/de/cgi-bin/wsimg.pl?recId=2018&sessId=&size=high,31,10
876,http://dasi.cnr.it/de/cgi-bin/wsimg.pl?recId=2271&sessId=&size=high,31,10
877,http://dasi.cnr.it/de/cgi-bin/wsimg.pl?recId=4526&sessId=&size=high,31,10
878,http://dasi.cnr.it/de/cgi-bin/wsimg.pl?recId=4344&sessId=&size=high,31,10
879,http://dasi.cnr.it/de/cgi-bin/wsimg.pl?recId=575&sessId=&size=high,31,10
880,http://dasi.cnr.it/de/cgi-bin/wsimg.pl?recId=5675&sessId=&size=high,31,10
881,http://dasi.cnr.it/de/cgi-bin/wsimg.pl?recId=5510&sessId=&size=high,31,10
882,http://dasi.cnr.it/de/cgi-bin/wsimg.pl?recId=1350&sessId=&size=high,31,10
883,http://dasi.cnr.it/de/cgi-bin/wsimg.pl?recId=2406&sessId=&size=high,31,10
884,http://dasi.cnr.it/de/cgi-bin/wsimg.pl?recId=5044&sessId=&size=high,31,10
885,http://dasi.cnr.it/de/cgi-bin/wsimg.pl?recId=2891&sessId=&size=high,31,10
886,http://dasi.cnr.it/de/cgi-bin/wsimg.pl?recId=2024&sessId=&size=high,31,10
887,http://dasi.cnr.it/de/cgi-bin/wsimg.pl?recId=1866&sessId=&size=high,31,10
888,http://dasi.cnr.it/de/cgi-bin/wsimg.pl?recId=2944&sessId=&size=high,31,10
889,http://dasi.cnr.it/de/cgi-bin/wsimg.pl?recId=780&sessId=&size=high,31,10
890,http://dasi.cnr.it/de/cgi-bin/wsimg.pl?recId=2887&sessId=&size=high,31,10
891,http://dasi.cnr.it/de/cgi-bin/wsimg.pl?recId=4056&sessId=&size=high,31,10
892,http://dasi.cnr.it/de/cgi-bin/wsimg.pl?recId=3383&sessId=&size=high,31,10
893,http://dasi.cnr.it/de/cgi-bin/wsimg.pl?recId=3276&sessId=&size=high,31,10
894,http://dasi.cnr.it/de/cgi-bin/wsimg.pl?recId=647&sessId=&size=high,31,10
895,http://dasi.cnr.it/de/cgi-bin/wsimg.pl?recId=5426&sessId=&size=high,31,10
896,http://dasi.cnr.it/de/cgi-bin/wsimg.pl?recId=369&sessId=&size=high,31,10
897,http://dasi.cnr.it/de/cgi-bin/wsimg.pl?recId=2942&sessId=&size=high,31,10
898,http://dasi.cnr.it/de/cgi-bin/wsimg.pl?recId=1589&sessId=&size=high,31,11
899,http://dasi.cnr.it/de/cgi-bin/wsimg.pl?recId=2702&sessId=&size=high,31,11
900,http://dasi.cnr.it/de/cgi-bin/wsimg.pl?recId=4040&sessId=&size=high,31,11
901,http://dasi.cnr.it/de/cgi-bin/wsimg.pl?recId=940&sessId=&size=high,31,11
902,http://dasi.cnr.it/de/cgi-bin/wsimg.pl?recId=1162&sessId=&size=high,31,11
903,http://dasi.cnr.it/de/cgi-bin/wsimg.pl?recId=3706&sessId=&size=high,31,11
904,http://dasi.cnr.it/de/cgi-bin/wsimg.pl?recId=2879&sessId=&size=high,31,11
905,http://dasi.cnr.it/de/cgi-bin/wsimg.pl?recId=3770&sessId=&size=high,31,11
906,http://dasi.cnr.it/de/cgi-bin/wsimg.pl?recId=3673&sessId=&size=high,31,11
907,http://dasi.cnr.it/de/cgi-bin/wsimg.pl?recId=915&sessId=&size=high,31,11
908,http://dasi.cnr.it/de/cgi-bin/wsimg.pl?recId=2234&sessId=&size=high,31,11
909,http://dasi.cnr.it/de/cgi-bin/wsimg.pl?recId=3183&sessId=&size=high,31,11
910,http://dasi.cnr.it/de/cgi-bin/wsimg.pl?recId=1083&sessId=&size=high,31,11
911,http://dasi.cnr.it/de/cgi-bin/wsimg.pl?recId=1194&sessId=&size=high,31,11
912,http://dasi.cnr.it/de/cgi-bin/wsimg.pl?recId=5366&sessId=&size=high,31,11
913,http://dasi.cnr.it/de/cgi-bin/wsimg.pl?recId=2780&sessId=&size=high,31,11
914,http://dasi.cnr.it/de/cgi-bin/wsimg.pl?recId=3575&sessId=&size=high,31,11
915,http://dasi.cnr.it/de/cgi-bin/wsimg.pl?recId=1827&sessId=&size=high,31,11
916,http://dasi.cnr.it/de/cgi-bin/wsimg.pl?recId=769&sessId=&size=high,31,11
917,http://dasi.cnr.it/de/cgi-bin/wsimg.pl?recId=5156&sessId=&size=high,31,11
918,http://dasi.cnr.it/de/cgi-bin/wsimg.pl?recId=4371&sessId=&size=high,31,11
919,http://dasi.cnr.it/de/cgi-bin/wsimg.pl?recId=4870&sessId=&size=high,31,11
920,http://dasi.cnr.it/de/cgi-bin/wsimg.pl?recId=1296&sessId=&size=high,31,11
921,http://dasi.cnr.it/de/cgi-bin/wsimg.pl?recId=5641&sessId=&size=high,31,11
922,http://dasi.cnr.it/de/cgi-bin/wsimg.pl?recId=1433&sessId=&size=high,31,11
923,http://dasi.cnr.it/de/cgi-bin/wsimg.pl?recId=827&sessId=&size=high,31,11
924,http://dasi.cnr.it/de/cgi-bin/wsimg.pl?recId=516&sessId=&size=high,31,11
925,http://dasi.cnr.it/de/cgi-bin/wsimg.pl?recId=1778&sessId=&size=high,31,11
926,http://dasi.cnr.it/de/cgi-bin/wsimg.pl?recId=2628&sessId=&size=high,31,11
927,http://dasi.cnr.it/de/cgi-bin/wsimg.pl?recId=494&sessId=&size=high,31,11
928,http://dasi.cnr.it/de/cgi-bin/wsimg.pl?recId=4380&sessId=&size=high,31,12
929,http://dasi.cnr.it/de/cgi-bin/wsimg.pl?recId=5317&sessId=&size=high,31,12
930,http://dasi.cnr.it/de/cgi-bin/wsimg.pl?recId=2575&sessId=&size=high,31,12
931,http://dasi.cnr.it/de/cgi-bin/wsimg.pl?recId=1159&sessId=&size=high,31,12
932,http://dasi.cnr.it/de/cgi-bin/wsimg.pl?recId=1103&sessId=&size=high,31,12
933,http://dasi.cnr.it/de/cgi-bin/wsimg.pl?recId=5110&sessId=&size=high,31,12
934,http://dasi.cnr.it/de/cgi-bin/wsimg.pl?recId=4511&sessId=&size=high,31,12
935,http://dasi.cnr.it/de/cgi-bin/wsimg.pl?recId=1739&sessId=&size=high,31,12
936,http://dasi.cnr.it/de/cgi-bin/wsimg.pl?recId=1535&sessId=&size=high,31,12
937,http://dasi.cnr.it/de/cgi-bin/wsimg.pl?recId=2482&sessId=&size=high,31,12
938,http://dasi.cnr.it/de/cgi-bin/wsimg.pl?recId=5540&sessId=&size=high,31,12
939,http://dasi.cnr.it/de/cgi-bin/wsimg.pl?recId=3105&sessId=&size=high,31,12
940,http://dasi.cnr.it/de/cgi-bin/wsimg.pl?recId=2473&sessId=&size=high,31,12
941,http://dasi.cnr.it/de/cgi-bin/wsimg.pl?recId=3521&sessId=&size=high,31,12
942,http://dasi.cnr.it/de/cgi-bin/wsimg.pl?recId=5621&sessId=&size=high,31,12
943,http://dasi.cnr.it/de/cgi-bin/wsimg.pl?recId=5160&sessId=&size=high,31,12
944,http://dasi.cnr.it/de/cgi-bin/wsimg.pl?recId=3513&sessId=&size=high,31,12
945,http://dasi.cnr.it/de/cgi-bin/wsimg.pl?recId=3493&sessId=&size=high,31,12
946,http://dasi.cnr.it/de/cgi-bin/wsimg.pl?recId=3541&sessId=&size=high,31,12
947,http://dasi.cnr.it/de/cgi-bin/wsimg.pl?recId=372&sessId=&size=high,31,12
948,http://dasi.cnr.it/de/cgi-bin/wsimg.pl?recId=2771&sessId=&size=high,31,12
949,http://dasi.cnr.it/de/cgi-bin/wsimg.pl?recId=403&sessId=&size=high,31,12
950,http://dasi.cnr.it/de/cgi-bin/wsimg.pl?recId=3142&sessId=&size=high,31,12
951,http://dasi.cnr.it/de/cgi-bin/wsimg.pl?recId=1546&sessId=&size=high,31,12
952,http://dasi.cnr.it/de/cgi-bin/wsimg.pl?recId=778&sessId=&size=high,31,12
953,http://dasi.cnr.it/de/cgi-bin/wsimg.pl?recId=1826&sessId=&size=high,31,12
954,http://dasi.cnr.it/de/cgi-bin/wsimg.pl?recId=717&sessId=&size=high,31,12
955,http://dasi.cnr.it/de/cgi-bin/wsimg.pl?recId=62&sessId=&size=high,31,12
956,http://dasi.cnr.it/de/cgi-bin/wsimg.pl?recId=856&sessId=&size=high,31,12
957,http://dasi.cnr.it/de/cgi-bin/wsimg.pl?recId=5137&sessId=&size=high,31,12
958,http://dasi.cnr.it/de/cgi-bin/wsimg.pl?recId=2886&sessId=&size=high,31,13
959,http://dasi.cnr.it/de/cgi-bin/wsimg.pl?recId=1005&sessId=&size=high,31,13
960,http://dasi.cnr.it/de/cgi-bin/wsimg.pl?recId=4448&sessId=&size=high,31,13
961,http://dasi.cnr.it/de/cgi-bin/wsimg.pl?recId=3100&sessId=&size=high,31,13
962,http://dasi.cnr.it/de/cgi-bin/wsimg.pl?recId=1031&sessId=&size=high,31,13
963,http://dasi.cnr.it/de/cgi-bin/wsimg.pl?recId=2080&sessId=&size=high,31,13
964,http://dasi.cnr.it/de/cgi-bin/wsimg.pl?recId=591&sessId=&size=high,31,13
965,http://dasi.cnr.it/de/cgi-bin/wsimg.pl?recId=278&sessId=&size=high,31,13
966,http://dasi.cnr.it/de/cgi-bin/wsimg.pl?recId=3412&sessId=&size=high,31,13
967,http://dasi.cnr.it/de/cgi-bin/wsimg.pl?recId=1089&sessId=&size=high,31,13
968,http://dasi.cnr.it/de/cgi-bin/wsimg.pl?recId=5245&sessId=&size=high,31,13
969,http://dasi.cnr.it/de/cgi-bin/wsimg.pl?recId=3558&sessId=&size=high,31,13
970,http://dasi.cnr.it/de/cgi-bin/wsimg.pl?recId=648&sessId=&size=high,31,13
971,http://dasi.cnr.it/de/cgi-bin/wsimg.pl?recId=2145&sessId=&size=high,31,13
972,http://dasi.cnr.it/de/cgi-bin/wsimg.pl?recId=5620&sessId=&size=high,31,13
973,http://dasi.cnr.it/de/cgi-bin/wsimg.pl?recId=4722&sessId=&size=high,31,13
974,http://dasi.cnr.it/de/cgi-bin/wsimg.pl?recId=4859&sessId=&size=high,31,13
975,http://dasi.cnr.it/de/cgi-bin/wsimg.pl?recId=4732&sessId=&size=high,31,13
976,http://dasi.cnr.it/de/cgi-bin/wsimg.pl?recId=3816&sessId=&size=high,31,13
977,http://dasi.cnr.it/de/cgi-bin/wsimg.pl?recId=225&sessId=&size=high,31,13
978,http://dasi.cnr.it/de/cgi-bin/wsimg.pl?recId=2955&sessId=&size=high,31,13
979,http://dasi.cnr.it/de/cgi-bin/wsimg.pl?recId=3313&sessId=&size=high,31,13
980,http://dasi.cnr.it/de/cgi-bin/wsimg.pl?recId=1269&sessId=&size=high,31,13
981,http://dasi.cnr.it/de/cgi-bin/wsimg.pl?recId=281&sessId=&size=high,31,13
982,http://dasi.cnr.it/de/cgi-bin/wsimg.pl?recId=978&sessId=&size=high,31,13
983,http://dasi.cnr.it/de/cgi-bin/wsimg.pl?recId=2076&sessId=&size=high,31,13
984,http://dasi.cnr.it/de/cgi-bin/wsimg.pl?recId=550&sessId=&size=high,31,13
985,http://dasi.cnr.it/de/cgi-bin/wsimg.pl?recId=5363&sessId=&size=high,31,13
986,http://dasi.cnr.it/de/cgi-bin/wsimg.pl?recId=2670&sessId=&size=high,31,13
987,http://dasi.cnr.it/de/cgi-bin/wsimg.pl?recId=2852&sessId=&size=high,31,13
988,http://dasi.cnr.it/de/cgi-bin/wsimg.pl?recId=959&sessId=&size=high,31,14
989,http://dasi.cnr.it/de/cgi-bin/wsimg.pl?recId=3223&sessId=&size=high,31,14
990,http://dasi.cnr.it/de/cgi-bin/wsimg.pl?recId=227&sessId=&size=high,31,14
991,http://dasi.cnr.it/de/cgi-bin/wsimg.pl?recId=2908&sessId=&size=high,31,14
992,http://dasi.cnr.it/de/cgi-bin/wsimg.pl?recId=3732&sessId=&size=high,31,14
993,http://dasi.cnr.it/de/cgi-bin/wsimg.pl?recId=5345&sessId=&size=high,31,14
994,http://dasi.cnr.it/de/cgi-bin/wsimg.pl?recId=5609&sessId=&size=high,31,14
995,http://dasi.cnr.it/de/cgi-bin/wsimg.pl?recId=2372&sessId=&size=high,31,14
996,http://dasi.cnr.it/de/cgi-bin/wsimg.pl?recId=2170&sessId=&size=high,31,14
997,http://dasi.cnr.it/de/cgi-bin/wsimg.pl?recId=357&sessId=&size=high,31,14
998,http://dasi.cnr.it/de/cgi-bin/wsimg.pl?recId=144&sessId=&size=high,31,14
999,http://dasi.cnr.it/de/cgi-bin/wsimg.pl?recId=2832&sessId=&size=high,31,14
1000,http://dasi.cnr.it/de/cgi-bin/wsimg.pl?recId=2617&sessId=&size=high,31,14
1001,http://dasi.cnr.it/de/cgi-bin/wsimg.pl?recId=5599&sessId=&size=high,31,14
1002,http://dasi.cnr.it/de/cgi-bin/wsimg.pl?recId=525&sessId=&size=high,31,14
1003,http://dasi.cnr.it/de/cgi-bin/wsimg.pl?recId=68&sessId=&size=high,31,14
1004,http://dasi.cnr.it/de/cgi-bin/wsimg.pl?recId=749&sessId=&size=high,31,14
1005,http://dasi.cnr.it/de/cgi-bin/wsimg.pl?recId=3270&sessId=&size=high,31,14
1006,http://dasi.cnr.it/de/cgi-bin/wsimg.pl?recId=130&sessId=&size=high,31,14
1007,http://dasi.cnr.it/de/cgi-bin/wsimg.pl?recId=336&sessId=&size=high,31,14
1008,http://dasi.cnr.it/de/cgi-bin/wsimg.pl?recId=4103&sessId=&size=high,31,14
1009,http://dasi.cnr.it/de/cgi-bin/wsimg.pl?recId=3857&sessId=&size=high,31,14
1010,http://dasi.cnr.it/de/cgi-bin/wsimg.pl?recId=2726&sessId=&size=high,31,14
1011,http://dasi.cnr.it/de/cgi-bin/wsimg.pl?recId=4583&sessId=&size=high,31,14
1012,http://dasi.cnr.it/de/cgi-bin/wsimg.pl?recId=4415&sessId=&size=high,31,14
1013,http://dasi.cnr.it/de/cgi-bin/wsimg.pl?recId=2645&sessId=&size=high,31,14
1014,http://dasi.cnr.it/de/cgi-bin/wsimg.pl?recId=807&sessId=&size=high,31,14
1015,http://dasi.cnr.it/de/cgi-bin/wsimg.pl?recId=5664&sessId=&size=high,31,14
1016,http://dasi.cnr.it/de/cgi-bin/wsimg.pl?recId=2407&sessId=&size=high,31,14
1017,http://dasi.cnr.it/de/cgi-bin/wsimg.pl?recId=5538&sessId=&size=high,31,14
1018,http://dasi.cnr.it/de/cgi-bin/wsimg.pl?recId=1598&sessId=&size=high,31,15
1019,http://dasi.cnr.it/de/cgi-bin/wsimg.pl?recId=720&sessId=&size=high,31,15
1020,http://dasi.cnr.it/de/cgi-bin/wsimg.pl?recId=94&sessId=&size=high,31,15
1021,http://dasi.cnr.it/de/cgi-bin/wsimg.pl?recId=1764&sessId=&size=high,31,15
1022,http://dasi.cnr.it/de/cgi-bin/wsimg.pl?recId=1844&sessId=&size=high,31,15
1023,http://dasi.cnr.it/de/cgi-bin/wsimg.pl?recId=4096&sessId=&size=high,31,15
1024,http://dasi.cnr.it/de/cgi-bin/wsimg.pl?recId=1094&sessId=&size=high,31,15
1025,http://dasi.cnr.it/de/cgi-bin/wsimg.pl?recId=2161&sessId=&size=high,31,15
1026,http://dasi.cnr.it/de/cgi-bin/wsimg.pl?recId=2584&sessId=&size=high,31,15
1027,http://dasi.cnr.it/de/cgi-bin/wsimg.pl?recId=5008&sessId=&size=high,31,15
1028,http://dasi.cnr.it/de/cgi-bin/wsimg.pl?recId=1995&sessId=&size=high,31,15
1029,http://dasi.cnr.it/de/cgi-bin/wsimg.pl?recId=5393&sessId=&size=high,31,15
1030,http://dasi.cnr.it/de/cgi-bin/wsimg.pl?recId=4019&sessId=&size=high,31,15
1031,http://dasi.cnr.it/de/cgi-bin/wsimg.pl?recId=4163&sessId=&size=high,31,15
1032,http://dasi.cnr.it/de/cgi-bin/wsimg.pl?recId=1209&sessId=&size=high,31,15
1033,http://dasi.cnr.it/de/cgi-bin/wsimg.pl?recId=2321&sessId=&size=high,31,15
1034,http://dasi.cnr.it/de/cgi-bin/wsimg.pl?recId=4195&sessId=&size=high,31,15
1035,http://dasi.cnr.it/de/cgi-bin/wsimg.pl?recId=841&sessId=&size=high,31,15
1036,http://dasi.cnr.it/de/cgi-bin/wsimg.pl?recId=419&sessId=&size=high,31,15
1037,http://dasi.cnr.it/de/cgi-bin/wsimg.pl?recId=4749&sessId=&size=high,31,15
1038,http://dasi.cnr.it/de/cgi-bin/wsimg.pl?recId=1548&sessId=&size=high,31,15
1039,http://dasi.cnr.it/de/cgi-bin/wsimg.pl?recId=4618&sessId=&size=high,31,15
1040,http://dasi.cnr.it/de/cgi-bin/wsimg.pl?recId=766&sessId=&size=high,31,15
1041,http://dasi.cnr.it/de/cgi-bin/wsimg.pl?recId=1806&sessId=&size=high,31,15
1042,http://dasi.cnr.it/de/cgi-bin/wsimg.pl?recId=2124&sessId=&size=high,31,15
1043,http://dasi.cnr.it/de/cgi-bin/wsimg.pl?recId=3580&sessId=&size=high,31,15
1044,http://dasi.cnr.it/de/cgi-bin/wsimg.pl?recId=1134&sessId=&size=high,31,15
1045,http://dasi.cnr.it/de/cgi-bin/wsimg.pl?recId=901&sessId=&size=high,31,15
1046,http://dasi.cnr.it/de/cgi-bin/wsimg.pl?recId=4948&sessId=&size=high,31,15
1047,http://dasi.cnr.it/de/cgi-bin/wsimg.pl?recId=2948&sessId=&size=high,31,16
1048,http://dasi.cnr.it/de/cgi-bin/wsimg.pl?recId=1183&sessId=&size=high,31,16
1049,http://dasi.cnr.it/de/cgi-bin/wsimg.pl?recId=5638&sessId=&size=high,31,16
1050,http://dasi.cnr.it/de/cgi-bin/wsimg.pl?recId=652&sessId=&size=high,31,16
1051,http://dasi.cnr.it/de/cgi-bin/wsimg.pl?recId=4166&sessId=&size=high,31,16
1052,http://dasi.cnr.it/de/cgi-bin/wsimg.pl?recId=4533&sessId=&size=high,31,16
1053,http://dasi.cnr.it/de/cgi-bin/wsimg.pl?recId=556&sessId=&size=high,31,16
1054,http://dasi.cnr.it/de/cgi-bin/wsimg.pl?recId=2040&sessId=&size=high,31,16
1055,http://dasi.cnr.it/de/cgi-bin/wsimg.pl?recId=2598&sessId=&size=high,31,16
1056,http://dasi.cnr.it/de/cgi-bin/wsimg.pl?recId=1044&sessId=&size=high,31,16
1057,http://dasi.cnr.it/de/cgi-bin/wsimg.pl?recId=4972&sessId=&size=high,31,16
1058,http://dasi.cnr.it/de/cgi-bin/wsimg.pl?recId=2283&sessId=&size=high,31,16
1059,http://dasi.cnr.it/de/cgi-bin/wsimg.pl?recId=3115&sessId=&size=high,31,16
1060,http://dasi.cnr.it/de/cgi-bin/wsimg.pl?recId=5053&sessId=&size=high,31,16
1061,http://dasi.cnr.it/de/cgi-bin/wsimg.pl?recId=5634&sessId=&size=high,31,16
1062,http://dasi.cnr.it/de/cgi-bin/wsimg.pl?recId=816&sessId=&size=high,31,16
1063,http://dasi.cnr.it/de/cgi-bin/wsimg.pl?recId=249&sessId=&size=high,31,16
1064,http://dasi.cnr.it/de/cgi-bin/wsimg.pl?recId=752&sessId=&size=high,31,16
1065,http://dasi.cnr.it/de/cgi-bin/wsimg.pl?recId=3346&sessId=&size=high,31,16
1066,http://dasi.cnr.it/de/cgi-bin/wsimg.pl?recId=2623&sessId=&size=high,31,16
1067,http://dasi.cnr.it/de/cgi-bin/wsimg.pl?recId=3882&sessId=&size=high,31,16
1068,http://dasi.cnr.it/de/cgi-bin/wsimg.pl?recId=2464&sessId=&size=high,31,16
1069,http://dasi.cnr.it/de/cgi-bin/wsimg.pl?recId=3794&sessId=&size=high,31,16
1070,http://dasi.cnr.it/de/cgi-bin/wsimg.pl?recId=2958&sessId=&size=high,31,16
1071,http://dasi.cnr.it/de/cgi-bin/wsimg.pl?recId=106&sessId=&size=high,31,16
1072,http://dasi.cnr.it/de/cgi-bin/wsimg.pl?recId=811&sessId=&size=high,31,16
1073,http://dasi.cnr.it/de/cgi-bin/wsimg.pl?recId=2391&sessId=&size=high,31,16
1074,http://dasi.cnr.it/de/cgi-bin/wsimg.pl?recId=5118&sessId=&size=high,31,16
1075,http://dasi.cnr.it/de/cgi-bin/wsimg.pl?recId=562&sessId=&size=high,31,16
1076,http://dasi.cnr.it/de/cgi-bin/wsimg.pl?recId=658&sessId=&size=high,31,16
1077,http://dasi.cnr.it/de/cgi-bin/wsimg.pl?recId=3617&sessId=&size=high,31,17
1078,http://dasi.cnr.it/de/cgi-bin/wsimg.pl?recId=4871&sessId=&size=high,31,17
1079,http://dasi.cnr.it/de/cgi-bin/wsimg.pl?recId=5235&sessId=&size=high,31,17
1080,http://dasi.cnr.it/de/cgi-bin/wsimg.pl?recId=4536&sessId=&size=high,31,17
1081,http://dasi.cnr.it/de/cgi-bin/wsimg.pl?recId=4137&sessId=&size=high,31,17
1082,http://dasi.cnr.it/de/cgi-bin/wsimg.pl?recId=4124&sessId=&size=high,31,17
1083,http://dasi.cnr.it/de/cgi-bin/wsimg.pl?recId=1116&sessId=&size=high,31,17
1084,http://dasi.cnr.it/de/cgi-bin/wsimg.pl?recId=664&sessId=&size=high,31,17
1085,http://dasi.cnr.it/de/cgi-bin/wsimg.pl?recId=5652&sessId=&size=high,31,17
1086,http://dasi.cnr.it/de/cgi-bin/wsimg.pl?recId=2492&sessId=&size=high,31,17
1087,http://dasi.cnr.it/de/cgi-bin/wsimg.pl?recId=2128&sessId=&size=high,31,17
1088,http://dasi.cnr.it/de/cgi-bin/wsimg.pl?recId=67&sessId=&size=high,31,17
1089,http://dasi.cnr.it/de/cgi-bin/wsimg.pl?recId=3444&sessId=&size=high,31,17
1090,http://dasi.cnr.it/de/cgi-bin/wsimg.pl?recId=1141&sessId=&size=high,31,17
1091,http://dasi.cnr.it/de/cgi-bin/wsimg.pl?recId=880&sessId=&size=high,31,17
1092,http://dasi.cnr.it/de/cgi-bin/wsimg.pl?recId=1229&sessId=&size=high,31,17
1093,http://dasi.cnr.it/de/cgi-bin/wsimg.pl?recId=3116&sessId=&size=high,31,17
1094,http://dasi.cnr.it/de/cgi-bin/wsimg.pl?recId=2586&sessId=&size=high,31,17
1095,http://dasi.cnr.it/de/cgi-bin/wsimg.pl?recId=4715&sessId=&size=high,31,17
1096,http://dasi.cnr.it/de/cgi-bin/wsimg.pl?recId=2488&sessId=&size=high,31,17
1097,http://dasi.cnr.it/de/cgi-bin/wsimg.pl?recId=4584&sessId=&size=high,31,17
1098,http://dasi.cnr.it/de/cgi-bin/wsimg.pl?recId=1714&sessId=&size=high,31,17
1099,http://dasi.cnr.it/de/cgi-bin/wsimg.pl?recId=5421&sessId=&size=high,31,17
1100,http://dasi.cnr.it/de/cgi-bin/wsimg.pl?recId=4912&sessId=&size=high,31,17
1101,http://dasi.cnr.it/de/cgi-bin/wsimg.pl?recId=3747&sessId=&size=high,31,17
1102,http://dasi.cnr.it/de/cgi-bin/wsimg.pl?recId=3634&sessId=&size=high,31,17
1103,http://dasi.cnr.it/de/cgi-bin/wsimg.pl?recId=2760&sessId=&size=high,31,17
1104,http://dasi.cnr.it/de/cgi-bin/wsimg.pl?recId=1172&sessId=&size=high,31,17
1105,http://dasi.cnr.it/de/cgi-bin/wsimg.pl?recId=932&sessId=&size=high,31,17
1106,http://dasi.cnr.it/de/cgi-bin/wsimg.pl?recId=5593&sessId=&size=high,31,17
1107,http://dasi.cnr.it/de/cgi-bin/wsimg.pl?recId=1374&sessId=&size=high,31,18
1108,http://dasi.cnr.it/de/cgi-bin/wsimg.pl?recId=4139&sessId=&size=high,31,18
1109,http://dasi.cnr.it/de/cgi-bin/wsimg.pl?recId=5461&sessId=&size=high,31,18
1110,http://dasi.cnr.it/de/cgi-bin/wsimg.pl?recId=700&sessId=&size=high,31,18
1111,http://dasi.cnr.it/de/cgi-bin/wsimg.pl?recId=1111&sessId=&size=high,31,18
1112,http://dasi.cnr.it/de/cgi-bin/wsimg.pl?recId=3981&sessId=&size=high,31,18
1113,http://dasi.cnr.it/de/cgi-bin/wsimg.pl?recId=4088&sessId=&size=high,31,18
1114,http://dasi.cnr.it/de/cgi-bin/wsimg.pl?recId=2677&sessId=&size=high,31,18
1115,http://dasi.cnr.it/de/cgi-bin/wsimg.pl?recId=5045&sessId=&size=high,31,18
1116,http://dasi.cnr.it/de/cgi-bin/wsimg.pl?recId=5001&sessId=&size=high,31,18
1117,http://dasi.cnr.it/de/cgi-bin/wsimg.pl?recId=268&sessId=&size=high,31,18
1118,http://dasi.cnr.it/de/cgi-bin/wsimg.pl?recId=4997&sessId=&size=high,31,18
1119,http://dasi.cnr.it/de/cgi-bin/wsimg.pl?recId=2106&sessId=&size=high,31,18
1120,http://dasi.cnr.it/de/cgi-bin/wsimg.pl?recId=2446&sessId=&size=high,31,18
1121,http://dasi.cnr.it/de/cgi-bin/wsimg.pl?recId=2755&sessId=&size=high,31,18
1122,http://dasi.cnr.it/de/cgi-bin/wsimg.pl?recId=2603&sessId=&size=high,31,18
1123,http://dasi.cnr.it/de/cgi-bin/wsimg.pl?recId=2131&sessId=&size=high,31,18
1124,http://dasi.cnr.it/de/cgi-bin/wsimg.pl?recId=5491&sessId=&size=high,31,18
1125,http://dasi.cnr.it/de/cgi-bin/wsimg.pl?recId=3686&sessId=&size=high,31,18
1126,http://dasi.cnr.it/de/cgi-bin/wsimg.pl?recId=4766&sessId=&size=high,31,18
1127,http://dasi.cnr.it/de/cgi-bin/wsimg.pl?recId=3501&sessId=&size=high,31,18
1128,http://dasi.cnr.it/de/cgi-bin/wsimg.pl?recId=334&sessId=&size=high,31,18
1129,http://dasi.cnr.it/de/cgi-bin/wsimg.pl?recId=3514&sessId=&size=high,31,18
1130,http://dasi.cnr.it/de/cgi-bin/wsimg.pl?recId=656&sessId=&size=high,31,18
1131,http://dasi.cnr.it/de/cgi-bin/wsimg.pl?recId=863&sessId=&size=high,31,18
1132,http://dasi.cnr.it/de/cgi-bin/wsimg.pl?recId=5101&sessId=&size=high,31,18
1133,http://dasi.cnr.it/de/cgi-bin/wsimg.pl?recId=5125&sessId=&size=high,31,18
1134,http://dasi.cnr.it/de/cgi-bin/wsimg.pl?recId=1184&sessId=&size=high,31,18
1135,http://dasi.cnr.it/de/cgi-bin/wsimg.pl?recId=3037&sessId=&size=high,31,18
1136,http://dasi.cnr.it/de/cgi-bin/wsimg.pl?recId=2416&sessId=&size=high,31,18
1137,http://dasi.cnr.it/de/cgi-bin/wsimg.pl?recId=3285&sessId=&size=high,31,19
1138,http://dasi.cnr.it/de/cgi-bin/wsimg.pl?recId=4000&sessId=&size=high,31,19
1139,http://dasi.cnr.it/de/cgi-bin/wsimg.pl?recId=4981&sessId=&size=high,31,19
1140,http://dasi.cnr.it/de/cgi-bin/wsimg.pl?recId=3696&sessId=&size=high,31,19
1141,http://dasi.cnr.it/de/cgi-bin/wsimg.pl?recId=3542&sessId=&size=high,31,19
1142,http://dasi.cnr.it/de/cgi-bin/wsimg.pl?recId=5302&sessId=&size=high,31,19
1143,http://dasi.cnr.it/de/cgi-bin/wsimg.pl?recId=12285&sessId=&size=high,31,19
1144,http://dasi.cnr.it/de/cgi-bin/wsimg.pl?recId=5128&sessId=&size=high,31,19
1145,http://dasi.cnr.it/de/cgi-bin/wsimg.pl?recId=414&sessId=&size=high,31,19
1146,http://dasi.cnr.it/de/cgi-bin/wsimg.pl?recId=1754&sessId=&size=high,31,19
1147,http://dasi.cnr.it/de/cgi-bin/wsimg.pl?recId=3222&sessId=&size=high,31,19
1148,http://dasi.cnr.it/de/cgi-bin/wsimg.pl?recId=8941&sessId=&size=high,31,19
1149,http://dasi.cnr.it/de/cgi-bin/wsimg.pl?recId=4702&sessId=&size=high,31,19
1150,http://dasi.cnr.it/de/cgi-bin/wsimg.pl?recId=1879&sessId=&size=high,31,19
1151,http://dasi.cnr.it/de/cgi-bin/wsimg.pl?recId=12269&sessId=&size=high,31,19
1152,http://dasi.cnr.it/de/cgi-bin/wsimg.pl?recId=4105&sessId=&size=high,31,19
1153,http://dasi.cnr.it/de/cgi-bin/wsimg.pl?recId=12290&sessId=&size=high,31,19
1154,http://dasi.cnr.it/de/cgi-bin/wsimg.pl?recId=4156&sessId=&size=high,31,19
1155,http://dasi.cnr.it/de/cgi-bin/wsimg.pl?recId=7793&sessId=&size=high,31,19
1156,http://dasi.cnr.it/de/cgi-bin/wsimg.pl?recId=2246&sessId=&size=high,31,19
1157,http://dasi.cnr.it/de/cgi-bin/wsimg.pl?recId=7798&sessId=&size=high,31,19
1158,http://dasi.cnr.it/de/cgi-bin/wsimg.pl?recId=4192&sessId=&size=high,31,19
1159,http://dasi.cnr.it/de/cgi-bin/wsimg.pl?recId=7414&sessId=&size=high,31,19
1160,http://dasi.cnr.it/de/cgi-bin/wsimg.pl?recId=1249&sessId=&size=high,31,19
1161,http://dasi.cnr.it/de/cgi-bin/wsimg.pl?recId=7415&sessId=&size=high,31,19
1162,http://dasi.cnr.it/de/cgi-bin/wsimg.pl?recId=3430&sessId=&size=high,31,20
1163,http://dasi.cnr.it/de/cgi-bin/wsimg.pl?recId=4016&sessId=&size=high,32,0
1164,http://dasi.cnr.it/de/cgi-bin/wsimg.pl?recId=3908&sessId=&size=high,32,0
1165,http://dasi.cnr.it/de/cgi-bin/wsimg.pl?recId=1766&sessId=&size=high,32,0
1166,http://dasi.cnr.it/de/cgi-bin/wsimg.pl?recId=2664&sessId=&size=high,32,0
1167,http://dasi.cnr.it/de/cgi-bin/wsimg.pl?recId=765&sessId=&size=high,32,0
1168,http://dasi.cnr.it/de/cgi-bin/wsimg.pl?recId=4541&sessId=&size=high,32,0
1169,http://dasi.cnr.it/de/cgi-bin/wsimg.pl?recId=2486&sessId=&size=high,32,0
1170,http://dasi.cnr.it/de/cgi-bin/wsimg.pl?recId=526&sessId=&size=high,32,0
1171,http://dasi.cnr.it/de/cgi-bin/wsimg.pl?recId=2647&sessId=&size=high,32,0
1172,http://dasi.cnr.it/de/cgi-bin/wsimg.pl?recId=751&sessId=&size=high,32,0
1173,http://dasi.cnr.it/de/cgi-bin/wsimg.pl?recId=1823&sessId=&size=high,32,0
1174,http://dasi.cnr.it/de/cgi-bin/wsimg.pl?recId=12144&sessId=&size=high,32,0
1175,http://dasi.cnr.it/de/cgi-bin/wsimg.pl?recId=10116&sessId=&size=high,33,0
1176,http://dasi.cnr.it/de/cgi-bin/wsimg.pl?recId=10174&sessId=&size=high,33,0
1177,http://dasi.cnr.it/de/cgi-bin/wsimg.pl?recId=9844&sessId=&size=high,33,0
1178,http://dasi.cnr.it/de/cgi-bin/wsimg.pl?recId=12227&sessId=&size=high,33,0
1179,http://dasi.cnr.it/de/cgi-bin/wsimg.pl?recId=12236&sessId=&size=high,33,0
1180,http://dasi.cnr.it/de/cgi-bin/wsimg.pl?recId=12237&sessId=&size=high,33,0
1181,http://dasi.cnr.it/de/cgi-bin/wsimg.pl?recId=12238&sessId=&size=high,33,0
